SCHOOL_CODE,SCHOOL_NAME_1,SCH_START_GRADE,SCH_TERM_GRADE,SCHOOL_LEVEL_NAME,SCHOOL_YEAR,ASSAULT,DRUG,MORALS,THEFT,TOTAL_SUSPENSIONS,SCH_LOW_INCOME_FAMILY
1010,JOHN BARTRAM HIGH SCHOOL,9,12,HIGH SCHOOL,2008-2009,42,14,0,1,191,84.2
1010,JOHN BARTRAM HIGH SCHOOL,9,12,HIGH SCHOOL,2009-2010,30,8,1,1,127,83.5
1010,JOHN BARTRAM HIGH SCHOOL,9,12,HIGH SCHOOL,2010-2011,33,10,0,2,157,83.5
1010,JOHN BARTRAM HIGH SCHOOL,9,12,HIGH SCHOOL,2011-2012,19,8,3,9,230,84.7
1020,WEST PHILADELPHIA HIGH SCHOOL,9,12,HIGH SCHOOL,2008-2009,38,7,0,6,287,84
1020,WEST PHILADELPHIA HIGH SCHOOL,9,12,HIGH SCHOOL,2009-2010,16,5,0,0,129,84.7
1020,WEST PHILADELPHIA HIGH SCHOOL,9,12,HIGH SCHOOL,2010-2011,23,3,0,1,230,85.1
1020,WEST PHILADELPHIA HIGH SCHOOL,9,12,HIGH SCHOOL,2011-2012,23,8,2,5,352,89.9
1030,HIGH SCHOOL OF THE FUTURE,9,12,HIGH SCHOOL,2008-2009,11,1,0,4,95,82.8
1030,HIGH SCHOOL OF THE FUTURE,9,12,HIGH SCHOOL,2009-2010,11,1,2,1,70,83.7
1030,HIGH SCHOOL OF THE FUTURE,9,12,HIGH SCHOOL,2010-2011,15,1,0,1,77,83.7
1030,HIGH SCHOOL OF THE FUTURE,9,12,HIGH SCHOOL,2011-2012,20,0,1,18,81,85.5
1050,PAUL ROBESON HIGH SCHOOL,9,12,HIGH SCHOOL,2008-2009,3,0,0,0,12,74.1
1050,PAUL ROBESON HIGH SCHOOL,9,12,HIGH SCHOOL,2009-2010,4,0,0,0,40,72.9
1050,PAUL ROBESON HIGH SCHOOL,9,12,HIGH SCHOOL,2010-2011,4,0,0,0,69,73.5
1050,PAUL ROBESON HIGH SCHOOL,9,12,HIGH SCHOOL,2011-2012,5,1,2,5,33,83.4
1060,COMMUNICATIONS TECHNOLOGY HS,9,12,HIGH SCHOOL,2008-2009,11,0,0,0,101,75.2
1060,COMMUNICATIONS TECHNOLOGY HS,9,12,HIGH SCHOOL,2009-2010,9,1,0,0,63,76
1060,COMMUNICATIONS TECHNOLOGY HS,9,12,HIGH SCHOOL,2010-2011,8,2,0,0,87,84
1060,COMMUNICATIONS TECHNOLOGY HS,9,12,HIGH SCHOOL,2011-2012,6,3,1,11,126,85
1080,UNIVERSITY CITY HIGH SCHOOL,9,12,HIGH SCHOOL,2008-2009,42,9,0,2,399,84.3
1080,UNIVERSITY CITY HIGH SCHOOL,9,12,HIGH SCHOOL,2009-2010,16,15,1,1,301,89
1080,UNIVERSITY CITY HIGH SCHOOL,9,12,HIGH SCHOOL,2010-2011,12,5,0,2,222,89
1080,UNIVERSITY CITY HIGH SCHOOL,9,12,HIGH SCHOOL,2011-2012,22,5,3,5,143,89.7
1100,SAYRE HIGH SCHOOL,9,12,HIGH SCHOOL,2008-2009,39,5,1,0,272,85.1
1100,SAYRE HIGH SCHOOL,9,12,HIGH SCHOOL,2009-2010,37,7,0,1,311,85.2
1100,SAYRE HIGH SCHOOL,9,12,HIGH SCHOOL,2010-2011,29,5,0,1,133,85.4
1100,SAYRE HIGH SCHOOL,9,12,HIGH SCHOOL,2011-2012,15,1,0,5,85,89.3
1110,SHAW MIDDLE SCHOOL,7,8,MIDDLE SCHOOL,2008-2009,15,1,3,1,67,85.6
1110,SHAW MIDDLE SCHOOL,7,8,MIDDLE SCHOOL,2009-2010,7,2,0,0,45,89.4
1110,SHAW MIDDLE SCHOOL,7,8,MIDDLE SCHOOL,2010-2011,15,0,0,2,42,93.8
1110,SHAW MIDDLE SCHOOL,7,8,MIDDLE SCHOOL,2011-2012,9,2,0,0,45,93.7
1130,TILDEN MIDDLE SCHOOL,6,8,MIDDLE SCHOOL,2008-2009,18,1,0,2,91,85.4
1130,TILDEN MIDDLE SCHOOL,6,8,MIDDLE SCHOOL,2009-2010,7,1,2,0,30,90.1
1130,TILDEN MIDDLE SCHOOL,6,8,MIDDLE SCHOOL,2010-2011,7,0,0,0,9,89.7
1130,TILDEN MIDDLE SCHOOL,6,8,MIDDLE SCHOOL,2011-2012,8,3,2,1,163,90.6
1150,GEORGE PEPPER MIDDLE SCHOOL,5,8,MIDDLE SCHOOL,2008-2009,17,1,0,0,290,83.8
1150,GEORGE PEPPER MIDDLE SCHOOL,5,8,MIDDLE SCHOOL,2009-2010,31,1,0,0,221,84.2
1150,GEORGE PEPPER MIDDLE SCHOOL,5,8,MIDDLE SCHOOL,2010-2011,14,2,0,0,152,88.8
1150,GEORGE PEPPER MIDDLE SCHOOL,5,8,MIDDLE SCHOOL,2011-2012,19,1,2,4,164,89.6
1190,MOTIVATION HIGH SCHOOL,9,12,HIGH SCHOOL,2008-2009,3,1,0,0,11,59.6
1190,MOTIVATION HIGH SCHOOL,9,12,HIGH SCHOOL,2009-2010,2,1,0,0,11,60.4
1190,MOTIVATION HIGH SCHOOL,9,12,HIGH SCHOOL,2010-2011,2,0,0,0,5,74
1190,MOTIVATION HIGH SCHOOL,9,12,HIGH SCHOOL,2011-2012,1,0,0,2,15,75.1
1200,JOHN BARRY ELEMENTARY SCHOOL,0,8,ELEMENTARY SCHOOL,2008-2009,60,0,0,1,151,89.5
1200,JOHN BARRY ELEMENTARY SCHOOL,0,8,ELEMENTARY SCHOOL,2009-2010,27,1,0,0,192,90.6
1200,JOHN BARRY ELEMENTARY SCHOOL,0,8,ELEMENTARY SCHOOL,2010-2011,14,2,0,1,150,93.9
1200,JOHN BARRY ELEMENTARY SCHOOL,0,8,ELEMENTARY SCHOOL,2011-2012,30,1,6,2,128,94.3
1230,BRYANT ACADEMICS PLUS SCHOOL,0,8,ELEMENTARY SCHOOL,2008-2009,29,1,0,0,91,86.2
1230,BRYANT ACADEMICS PLUS SCHOOL,0,8,ELEMENTARY SCHOOL,2009-2010,14,0,0,0,33,90.2
1230,BRYANT ACADEMICS PLUS SCHOOL,0,8,ELEMENTARY SCHOOL,2010-2011,25,0,1,0,47,90.7
1230,BRYANT ACADEMICS PLUS SCHOOL,0,8,ELEMENTARY SCHOOL,2011-2012,21,0,2,1,98,90.6
1250,J. W. CATHARINE SCHOOL,0,5,ELEMENTARY SCHOOL,2008-2009,10,0,1,1,19,84.9
1250,J. W. CATHARINE SCHOOL,0,5,ELEMENTARY SCHOOL,2009-2010,6,0,0,1,43,88.8
1250,J. W. CATHARINE SCHOOL,0,5,ELEMENTARY SCHOOL,2010-2011,1,0,0,0,3,89.5
1250,J. W. CATHARINE SCHOOL,0,5,ELEMENTARY SCHOOL,2011-2012,3,0,2,0,34,89.6
1260,B. B. COMEGYS SCHOOL,0,6,ELEMENTARY SCHOOL,2008-2009,14,0,0,0,61,89.2
1260,B. B. COMEGYS SCHOOL,0,6,ELEMENTARY SCHOOL,2009-2010,8,0,0,0,65,94.5
1260,B. B. COMEGYS SCHOOL,0,6,ELEMENTARY SCHOOL,2010-2011,4,0,1,0,61,94.1
1260,B. B. COMEGYS SCHOOL,0,6,ELEMENTARY SCHOOL,2011-2012,4,0,2,0,42,94.7
1280,PENN ALEXANDER SCHOOL,0,8,ELEMENTARY SCHOOL,2008-2009,2,0,0,0,9,47.9
1280,PENN ALEXANDER SCHOOL,0,8,ELEMENTARY SCHOOL,2009-2010,0,0,0,0,4,47.7
1280,PENN ALEXANDER SCHOOL,0,8,ELEMENTARY SCHOOL,2010-2011,1,0,0,0,4,47.3
1280,PENN ALEXANDER SCHOOL,0,8,ELEMENTARY SCHOOL,2011-2012,0,0,0,0,2,47.7
1290,ANDREW HAMILTON SCHOOL,0,8,ELEMENTARY SCHOOL,2008-2009,9,0,2,0,81,85.2
1290,ANDREW HAMILTON SCHOOL,0,8,ELEMENTARY SCHOOL,2009-2010,10,0,1,0,75,89.1
1290,ANDREW HAMILTON SCHOOL,0,8,ELEMENTARY SCHOOL,2010-2011,10,1,0,0,51,88.6
1290,ANDREW HAMILTON SCHOOL,0,8,ELEMENTARY SCHOOL,2011-2012,19,0,1,1,78,89.6
1300,A. D. HARRINGTON SCHOOL,0,6,ELEMENTARY SCHOOL,2008-2009,12,1,0,0,16,87.3
1300,A. D. HARRINGTON SCHOOL,0,6,ELEMENTARY SCHOOL,2009-2010,10,0,0,0,15,93.8
1300,A. D. HARRINGTON SCHOOL,0,6,ELEMENTARY SCHOOL,2010-2011,11,0,0,0,15,93.5
1300,A. D. HARRINGTON SCHOOL,0,6,ELEMENTARY SCHOOL,2011-2012,11,0,0,2,81,93.4
1330,SAMUEL B HUEY SCHOOL,0,8,ELEMENTARY SCHOOL,2008-2009,11,0,0,0,162,86.3
1330,SAMUEL B HUEY SCHOOL,0,8,ELEMENTARY SCHOOL,2009-2010,8,0,0,0,79,89.8
1330,SAMUEL B HUEY SCHOOL,0,8,ELEMENTARY SCHOOL,2010-2011,10,0,0,0,118,89.5
1330,SAMUEL B HUEY SCHOOL,0,8,ELEMENTARY SCHOOL,2011-2012,18,2,1,1,234,93.4
1340,HENRY C. LEA SCHOOL,0,8,ELEMENTARY SCHOOL,2008-2009,8,1,0,0,49,85
1340,HENRY C. LEA SCHOOL,0,8,ELEMENTARY SCHOOL,2009-2010,12,1,0,0,63,89.3
1340,HENRY C. LEA SCHOOL,0,8,ELEMENTARY SCHOOL,2010-2011,6,1,0,0,59,89.8
1340,HENRY C. LEA SCHOOL,0,8,ELEMENTARY SCHOOL,2011-2012,2,1,2,2,33,90.7
1350,W C LONGSTRETH SCHOOL,0,8,ELEMENTARY SCHOOL,2008-2009,5,1,0,1,53,85.3
1350,W C LONGSTRETH SCHOOL,0,8,ELEMENTARY SCHOOL,2009-2010,7,1,0,1,59,89.4
1350,W C LONGSTRETH SCHOOL,0,8,ELEMENTARY SCHOOL,2010-2011,6,1,0,1,38,90.2
1350,W C LONGSTRETH SCHOOL,0,8,ELEMENTARY SCHOOL,2011-2012,8,1,0,0,48,93.8
1360,MORTON MCMICHAEL SCHOOL,0,8,ELEMENTARY SCHOOL,2008-2009,13,1,2,0,62,89.3
1360,MORTON MCMICHAEL SCHOOL,0,8,ELEMENTARY SCHOOL,2009-2010,17,0,2,0,111,94.2
1360,MORTON MCMICHAEL SCHOOL,0,8,ELEMENTARY SCHOOL,2010-2011,14,0,1,0,88,93.8
1360,MORTON MCMICHAEL SCHOOL,0,8,ELEMENTARY SCHOOL,2011-2012,17,0,4,0,80,94
1370,S. WEIR MITCHELL,0,5,ELEMENTARY SCHOOL,2008-2009,11,0,0,0,45,89
1370,S. WEIR MITCHELL,0,5,ELEMENTARY SCHOOL,2009-2010,3,0,0,0,21,93.9
1370,S. WEIR MITCHELL,0,5,ELEMENTARY SCHOOL,2010-2011,9,1,0,0,21,93.4
1370,S. WEIR MITCHELL,0,5,ELEMENTARY SCHOOL,2011-2012,10,0,2,0,45,90
1380,THOMAS G MORTON SCHOOL,0,5,ELEMENTARY SCHOOL,2008-2009,14,1,0,1,117,84.9
1380,THOMAS G MORTON SCHOOL,0,5,ELEMENTARY SCHOOL,2009-2010,20,2,0,0,80,88.9
1380,THOMAS G MORTON SCHOOL,0,5,ELEMENTARY SCHOOL,2010-2011,14,1,0,0,72,89.3
1380,THOMAS G MORTON SCHOOL,0,5,ELEMENTARY SCHOOL,2011-2012,2,0,0,1,95,88.9
1390,SAMUEL POWEL SCHOOL,0,4,ELEMENTARY SCHOOL,2008-2009,5,0,0,0,11,57.8
1390,SAMUEL POWEL SCHOOL,0,4,ELEMENTARY SCHOOL,2009-2010,2,0,1,0,5,58.2
1390,SAMUEL POWEL SCHOOL,0,4,ELEMENTARY SCHOOL,2010-2011,0,0,0,0,4,60.2
1390,SAMUEL POWEL SCHOOL,0,4,ELEMENTARY SCHOOL,2011-2012,0,0,0,0,6,61.4
1400,JOHN M PATTERSON SCHOOL,0,4,ELEMENTARY SCHOOL,2008-2009,3,0,0,0,9,85.4
1400,JOHN M PATTERSON SCHOOL,0,4,ELEMENTARY SCHOOL,2009-2010,3,0,0,0,20,84.8
1400,JOHN M PATTERSON SCHOOL,0,4,ELEMENTARY SCHOOL,2010-2011,7,0,0,0,24,84.5
1400,JOHN M PATTERSON SCHOOL,0,4,ELEMENTARY SCHOOL,2011-2012,0,0,0,1,48,84.3
1410,JAMES RHOADS SCHOOL,0,8,ELEMENTARY SCHOOL,2008-2009,17,1,0,0,144,88.3
1410,JAMES RHOADS SCHOOL,0,8,ELEMENTARY SCHOOL,2009-2010,23,0,0,0,174,94.2
1410,JAMES RHOADS SCHOOL,0,8,ELEMENTARY SCHOOL,2010-2011,17,1,0,0,138,89.8
1410,JAMES RHOADS SCHOOL,0,8,ELEMENTARY SCHOOL,2011-2012,6,0,1,4,39,90.2
1420,M. WASHINGTON ACADEMICS PLUS,0,8,ELEMENTARY SCHOOL,2008-2009,2,0,1,0,35,85.5
1420,M. WASHINGTON ACADEMICS PLUS,0,8,ELEMENTARY SCHOOL,2009-2010,10,0,1,0,32,90.1
1420,M. WASHINGTON ACADEMICS PLUS,0,8,ELEMENTARY SCHOOL,2010-2011,4,1,0,1,47,89.3
1420,M. WASHINGTON ACADEMICS PLUS,0,8,ELEMENTARY SCHOOL,2011-2012,8,1,1,1,69,89.3
1430,ALEXANDER WILSON SCHOOL,0,6,ELEMENTARY SCHOOL,2008-2009,8,0,3,0,36,85.7
1430,ALEXANDER WILSON SCHOOL,0,6,ELEMENTARY SCHOOL,2009-2010,9,1,1,0,24,89.1
1430,ALEXANDER WILSON SCHOOL,0,6,ELEMENTARY SCHOOL,2010-2011,2,0,0,0,29,85.7
1430,ALEXANDER WILSON SCHOOL,0,6,ELEMENTARY SCHOOL,2011-2012,9,1,0,0,30,88.8
1440,PENROSE SCHOOL,0,8,ELEMENTARY SCHOOL,2008-2009,24,0,0,0,149,74.7
1440,PENROSE SCHOOL,0,8,ELEMENTARY SCHOOL,2009-2010,22,0,1,0,82,75.1
1440,PENROSE SCHOOL,0,8,ELEMENTARY SCHOOL,2010-2011,17,0,0,0,68,76.2
1440,PENROSE SCHOOL,0,8,ELEMENTARY SCHOOL,2011-2012,7,0,2,2,91,83.4
1460,ADD B ANDERSON SCHOOL,0,8,ELEMENTARY SCHOOL,2008-2009,11,0,2,1,24,84.8
1460,ADD B ANDERSON SCHOOL,0,8,ELEMENTARY SCHOOL,2009-2010,35,0,0,1,87,85.6
1460,ADD B ANDERSON SCHOOL,0,8,ELEMENTARY SCHOOL,2010-2011,15,0,1,1,60,85.5
1460,ADD B ANDERSON SCHOOL,0,8,ELEMENTARY SCHOOL,2011-2012,8,1,1,1,39,89.5
1470,ALAIN LOCKE SCHOOL,0,8,ELEMENTARY SCHOOL,2008-2009,41,0,2,0,79,91.4
1470,ALAIN LOCKE SCHOOL,0,8,ELEMENTARY SCHOOL,2009-2010,3,0,0,0,16,95.3
1470,ALAIN LOCKE SCHOOL,0,8,ELEMENTARY SCHOOL,2010-2011,8,0,0,0,20,95.2
1470,ALAIN LOCKE SCHOOL,0,8,ELEMENTARY SCHOOL,2011-2012,24,1,3,1,103,95
1490,BLANKENBURG SCHOOL,0,8,ELEMENTARY SCHOOL,2008-2009,12,0,0,0,66,86.4
1490,BLANKENBURG SCHOOL,0,8,ELEMENTARY SCHOOL,2009-2010,17,0,1,0,60,93.8
1490,BLANKENBURG SCHOOL,0,8,ELEMENTARY SCHOOL,2010-2011,5,0,0,0,40,90.7
1490,BLANKENBURG SCHOOL,0,8,ELEMENTARY SCHOOL,2011-2012,10,0,4,1,118,90.6
1530,JOSEPH LEIDY SCHOOL,0,8,ELEMENTARY SCHOOL,2008-2009,0,0,0,0,43,87
1530,JOSEPH LEIDY SCHOOL,0,8,ELEMENTARY SCHOOL,2009-2010,2,0,0,0,26,89.8
1530,JOSEPH LEIDY SCHOOL,0,8,ELEMENTARY SCHOOL,2010-2011,5,0,0,0,55,89.3
1530,JOSEPH LEIDY SCHOOL,0,8,ELEMENTARY SCHOOL,2011-2012,18,0,0,0,65,93.6
1580,MIDDLE YEARS ALTERNATIVE-MYA,5,8,MIDDLE SCHOOL,2008-2009,4,1,0,1,57,61.6
1580,MIDDLE YEARS ALTERNATIVE-MYA,5,8,MIDDLE SCHOOL,2009-2010,1,0,0,0,49,73.1
1580,MIDDLE YEARS ALTERNATIVE-MYA,5,8,MIDDLE SCHOOL,2010-2011,4,0,0,0,44,61.8
1580,MIDDLE YEARS ALTERNATIVE-MYA,5,8,MIDDLE SCHOOL,2011-2012,3,0,2,1,46,82.9
2000,SOUTH PHILADELPHIA H.S.,9,12,HIGH SCHOOL,2008-2009,108,6,3,2,652,84.9
2000,SOUTH PHILADELPHIA H.S.,9,12,HIGH SCHOOL,2009-2010,53,13,0,2,298,84.5
2000,SOUTH PHILADELPHIA H.S.,9,12,HIGH SCHOOL,2010-2011,18,11,0,0,202,83.5
2000,SOUTH PHILADELPHIA H.S.,9,12,HIGH SCHOOL,2011-2012,24,7,3,5,102,84.4
2010,BENJAMIN FRANKLIN HIGH SCHOOL,9,12,HIGH SCHOOL,2008-2009,11,0,0,2,126,85.4
2010,BENJAMIN FRANKLIN HIGH SCHOOL,9,12,HIGH SCHOOL,2009-2010,16,3,2,1,145,85.2
2010,BENJAMIN FRANKLIN HIGH SCHOOL,9,12,HIGH SCHOOL,2010-2011,15,4,0,1,150,88.8
2010,BENJAMIN FRANKLIN HIGH SCHOOL,9,12,HIGH SCHOOL,2011-2012,15,3,0,5,201,90
2020,CREATIVE AND PERFORMING ARTS,9,12,HIGH SCHOOL,2008-2009,3,0,0,2,14,48
2020,CREATIVE AND PERFORMING ARTS,9,12,HIGH SCHOOL,2009-2010,1,1,0,0,8,48
2020,CREATIVE AND PERFORMING ARTS,9,12,HIGH SCHOOL,2010-2011,1,0,0,0,16,49
2020,CREATIVE AND PERFORMING ARTS,9,12,HIGH SCHOOL,2011-2012,2,0,0,3,23,51.9
2090,EDWARD BOK HIGH SCHOOL,9,12,CAREER AND TECHNICAL HIGH SCHL,2008-2009,20,6,0,3,274,83.2
2090,EDWARD BOK HIGH SCHOOL,9,12,CAREER AND TECHNICAL HIGH SCHL,2009-2010,12,3,0,1,212,83.6
2090,EDWARD BOK HIGH SCHOOL,9,12,CAREER AND TECHNICAL HIGH SCHL,2010-2011,9,2,1,1,241,84.1
2090,EDWARD BOK HIGH SCHOOL,9,12,CAREER AND TECHNICAL HIGH SCHL,2011-2012,26,2,1,13,130,85.4
2130,VAUX HIGH SCHOOL,9,12,HIGH SCHOOL,2008-2009,10,2,1,1,196,86.9
2130,VAUX HIGH SCHOOL,9,12,HIGH SCHOOL,2009-2010,13,2,0,2,167,93.5
2130,VAUX HIGH SCHOOL,9,12,HIGH SCHOOL,2010-2011,3,2,0,0,97,94.2
2130,VAUX HIGH SCHOOL,9,12,HIGH SCHOOL,2011-2012,10,1,0,2,125,94.8
2140,MASTERMAN HIGH SCHOOL,5,12,HIGH SCHOOL,2008-2009,0,1,0,0,11,43.3
2140,MASTERMAN HIGH SCHOOL,5,12,HIGH SCHOOL,2009-2010,0,2,0,0,12,44
2140,MASTERMAN HIGH SCHOOL,5,12,HIGH SCHOOL,2010-2011,0,1,0,0,13,44.7
2140,MASTERMAN HIGH SCHOOL,5,12,HIGH SCHOOL,2011-2012,2,0,0,3,11,46.1
2160,FURNESS HIGH SCHOOL,9,12,HIGH SCHOOL,2008-2009,20,2,1,1,139,82.8
2160,FURNESS HIGH SCHOOL,9,12,HIGH SCHOOL,2009-2010,10,4,0,0,105,76.2
2160,FURNESS HIGH SCHOOL,9,12,HIGH SCHOOL,2010-2011,12,1,0,1,53,75.4
2160,FURNESS HIGH SCHOOL,9,12,HIGH SCHOOL,2011-2012,8,2,2,4,34,74.6
2190,D. NEWLIN FELL SCHOOL,0,8,ELEMENTARY SCHOOL,2008-2009,1,0,0,0,39,82.7
2190,D. NEWLIN FELL SCHOOL,0,8,ELEMENTARY SCHOOL,2009-2010,0,0,0,1,26,75
2190,D. NEWLIN FELL SCHOOL,0,8,ELEMENTARY SCHOOL,2010-2011,1,0,0,0,26,83.1
2190,D. NEWLIN FELL SCHOOL,0,8,ELEMENTARY SCHOOL,2011-2012,0,0,0,2,23,83.5
2200,JAMES ALCORN SCHOOL,0,8,ELEMENTARY SCHOOL,2008-2009,16,0,0,0,154,89
2200,JAMES ALCORN SCHOOL,0,8,ELEMENTARY SCHOOL,2009-2010,4,2,0,0,116,94.4
2200,JAMES ALCORN SCHOOL,0,8,ELEMENTARY SCHOOL,2010-2011,17,0,0,0,148,94.1
2200,JAMES ALCORN SCHOOL,0,8,ELEMENTARY SCHOOL,2011-2012,24,0,16,4,263,93.9
2210,BACHE-MARTIN SCHOOL,0,8,ELEMENTARY SCHOOL,2008-2009,7,0,0,1,23,75.7
2210,BACHE-MARTIN SCHOOL,0,8,ELEMENTARY SCHOOL,2009-2010,4,0,0,0,33,76.2
2210,BACHE-MARTIN SCHOOL,0,8,ELEMENTARY SCHOOL,2010-2011,2,0,1,1,26,82.9
2210,BACHE-MARTIN SCHOOL,0,8,ELEMENTARY SCHOOL,2011-2012,6,0,2,0,29,84.7
2240,AMEDEE F BREGY SCHOOL,0,8,ELEMENTARY SCHOOL,2008-2009,9,0,0,0,62,86.6
2240,AMEDEE F BREGY SCHOOL,0,8,ELEMENTARY SCHOOL,2009-2010,7,0,4,0,35,90.5
2240,AMEDEE F BREGY SCHOOL,0,8,ELEMENTARY SCHOOL,2010-2011,7,0,0,0,61,90.5
2240,AMEDEE F BREGY SCHOOL,0,8,ELEMENTARY SCHOOL,2011-2012,12,0,2,0,45,90.7
2260,GEORGE W CHILDS SCHOOL,0,8,ELEMENTARY SCHOOL,2008-2009,7,1,0,0,75,86.4
2260,GEORGE W CHILDS SCHOOL,0,8,ELEMENTARY SCHOOL,2009-2010,3,0,0,0,71,89.8
2260,GEORGE W CHILDS SCHOOL,0,8,ELEMENTARY SCHOOL,2010-2011,3,0,0,0,36,89.6
2260,GEORGE W CHILDS SCHOOL,0,8,ELEMENTARY SCHOOL,2011-2012,13,1,1,0,112,90.1
2290,FRANKLIN LEARNING CENTER,9,12,HIGH SCHOOL,2008-2009,4,1,0,0,54,72.8
2290,FRANKLIN LEARNING CENTER,9,12,HIGH SCHOOL,2009-2010,1,0,0,0,24,62.2
2290,FRANKLIN LEARNING CENTER,9,12,HIGH SCHOOL,2010-2011,2,0,0,2,9,73.3
2290,FRANKLIN LEARNING CENTER,9,12,HIGH SCHOOL,2011-2012,3,2,0,0,53,76
2320,STEPHEN GIRARD SCHOOL,0,4,ELEMENTARY SCHOOL,2008-2009,4,0,0,0,110,84.7
2320,STEPHEN GIRARD SCHOOL,0,4,ELEMENTARY SCHOOL,2009-2010,1,0,0,1,66,88.7
2320,STEPHEN GIRARD SCHOOL,0,4,ELEMENTARY SCHOOL,2010-2011,9,0,0,0,77,85.4
2320,STEPHEN GIRARD SCHOOL,0,4,ELEMENTARY SCHOOL,2011-2012,10,0,1,3,66,89.2
2340,MC CALL SCHOOL,0,8,ELEMENTARY SCHOOL,2008-2009,1,0,1,0,17,59
2340,MC CALL SCHOOL,0,8,ELEMENTARY SCHOOL,2009-2010,1,0,0,0,15,48.7
2340,MC CALL SCHOOL,0,8,ELEMENTARY SCHOOL,2010-2011,0,0,0,0,14,48.3
2340,MC CALL SCHOOL,0,8,ELEMENTARY SCHOOL,2011-2012,0,0,0,0,8,49.6
2370,DELAPLAINE MCDANIEL SCHOOL,0,8,ELEMENTARY SCHOOL,2008-2009,26,1,1,0,43,87.5
2370,DELAPLAINE MCDANIEL SCHOOL,0,8,ELEMENTARY SCHOOL,2009-2010,14,1,6,1,119,93.8
2370,DELAPLAINE MCDANIEL SCHOOL,0,8,ELEMENTARY SCHOOL,2010-2011,14,1,0,1,108,90.1
2370,DELAPLAINE MCDANIEL SCHOOL,0,8,ELEMENTARY SCHOOL,2011-2012,39,1,2,1,165,90.5
2380,MEREDITH SCHOOL,0,8,ELEMENTARY SCHOOL,2008-2009,0,0,0,0,9,49.4
2380,MEREDITH SCHOOL,0,8,ELEMENTARY SCHOOL,2009-2010,0,0,0,0,19,49
2380,MEREDITH SCHOOL,0,8,ELEMENTARY SCHOOL,2010-2011,1,0,0,0,17,48.6
2380,MEREDITH SCHOOL,0,8,ELEMENTARY SCHOOL,2011-2012,0,0,0,0,13,49.1
2390,ROBERT MORRIS SCHOOL,0,8,ELEMENTARY SCHOOL,2008-2009,32,0,0,0,98,87.2
2390,ROBERT MORRIS SCHOOL,0,8,ELEMENTARY SCHOOL,2009-2010,14,0,1,0,74,93.7
2390,ROBERT MORRIS SCHOOL,0,8,ELEMENTARY SCHOOL,2010-2011,20,0,2,0,67,90.2
2390,ROBERT MORRIS SCHOOL,0,8,ELEMENTARY SCHOOL,2011-2012,16,0,6,1,72,93.5
2410,GIRARD ACADEMIC MUSIC PROGRAM,5,12,HIGH SCHOOL,2008-2009,1,0,0,0,4,44.8
2410,GIRARD ACADEMIC MUSIC PROGRAM,5,12,HIGH SCHOOL,2009-2010,0,0,0,0,0,45.8
2410,GIRARD ACADEMIC MUSIC PROGRAM,5,12,HIGH SCHOOL,2010-2011,0,0,0,0,1,47
2410,GIRARD ACADEMIC MUSIC PROGRAM,5,12,HIGH SCHOOL,2011-2012,0,0,1,1,0,47.2
2420,GEN. JOHN F. REYNOLDS SCHOOL,0,8,ELEMENTARY SCHOOL,2008-2009,24,0,0,0,79,96.6
2420,GEN. JOHN F. REYNOLDS SCHOOL,0,8,ELEMENTARY SCHOOL,2009-2010,12,1,1,0,51,96.4
2420,GEN. JOHN F. REYNOLDS SCHOOL,0,8,ELEMENTARY SCHOOL,2010-2011,7,0,1,0,47,95.6
2420,GEN. JOHN F. REYNOLDS SCHOOL,0,8,ELEMENTARY SCHOOL,2011-2012,12,0,1,2,70,95.8
2440,SMITH ACADEMICS PLUS SCHOOL,0,8,ELEMENTARY SCHOOL,2008-2009,5,0,2,0,82,88.5
2440,SMITH ACADEMICS PLUS SCHOOL,0,8,ELEMENTARY SCHOOL,2009-2010,3,0,1,0,81,93.9
2440,SMITH ACADEMICS PLUS SCHOOL,0,8,ELEMENTARY SCHOOL,2010-2011,7,0,1,0,94,90.6
2440,SMITH ACADEMICS PLUS SCHOOL,0,8,ELEMENTARY SCHOOL,2011-2012,11,3,0,1,119,93.6
2450,EDWIN M. STANTON SCHOOL,0,8,ELEMENTARY SCHOOL,2008-2009,4,0,1,0,27,84.4
2450,EDWIN M. STANTON SCHOOL,0,8,ELEMENTARY SCHOOL,2009-2010,5,1,0,0,24,84.6
2450,EDWIN M. STANTON SCHOOL,0,8,ELEMENTARY SCHOOL,2010-2011,2,0,1,1,31,90.1
2450,EDWIN M. STANTON SCHOOL,0,8,ELEMENTARY SCHOOL,2011-2012,3,0,2,0,31,89.2
2470,ALBERT M. GREENFIELD SCHOOL,0,8,ELEMENTARY SCHOOL,2008-2009,3,0,0,0,40,50.1
2470,ALBERT M. GREENFIELD SCHOOL,0,8,ELEMENTARY SCHOOL,2009-2010,4,0,0,0,10,51.5
2470,ALBERT M. GREENFIELD SCHOOL,0,8,ELEMENTARY SCHOOL,2010-2011,1,0,0,0,11,57.2
2470,ALBERT M. GREENFIELD SCHOOL,0,8,ELEMENTARY SCHOOL,2011-2012,2,0,1,0,7,57.7
2480,CHESTER A. ARTHUR SCHOOL,0,8,ELEMENTARY SCHOOL,2008-2009,22,0,0,0,46,84.4
2480,CHESTER A. ARTHUR SCHOOL,0,8,ELEMENTARY SCHOOL,2009-2010,4,0,0,0,8,88.7
2480,CHESTER A. ARTHUR SCHOOL,0,8,ELEMENTARY SCHOOL,2010-2011,1,1,0,0,22,84.1
2480,CHESTER A. ARTHUR SCHOOL,0,8,ELEMENTARY SCHOOL,2011-2012,1,0,0,0,32,89.2
2490,LAURA W. WARING SCHOOL,0,8,ELEMENTARY SCHOOL,2008-2009,6,0,0,0,6,88.9
2490,LAURA W. WARING SCHOOL,0,8,ELEMENTARY SCHOOL,2009-2010,1,2,0,0,4,94.5
2490,LAURA W. WARING SCHOOL,0,8,ELEMENTARY SCHOOL,2010-2011,2,1,0,0,6,90.5
2490,LAURA W. WARING SCHOOL,0,8,ELEMENTARY SCHOOL,2011-2012,2,0,0,0,2,90.9
2510,ANDREW JACKSON SCHOOL,0,8,ELEMENTARY SCHOOL,2008-2009,3,0,0,0,34,75.6
2510,ANDREW JACKSON SCHOOL,0,8,ELEMENTARY SCHOOL,2009-2010,3,0,0,0,30,75.7
2510,ANDREW JACKSON SCHOOL,0,8,ELEMENTARY SCHOOL,2010-2011,0,0,0,0,27,76.4
2510,ANDREW JACKSON SCHOOL,0,8,ELEMENTARY SCHOOL,2011-2012,9,2,2,1,34,83.9
2520,A.S. JENKS ACADEMICS PLUS SCH,0,4,ELEMENTARY SCHOOL,2008-2009,1,0,0,0,10,58.2
2520,A.S. JENKS ACADEMICS PLUS SCH,0,4,ELEMENTARY SCHOOL,2009-2010,0,0,0,0,7,58.4
2520,A.S. JENKS ACADEMICS PLUS SCH,0,4,ELEMENTARY SCHOOL,2010-2011,1,0,0,0,6,72.7
2520,A.S. JENKS ACADEMICS PLUS SCH,0,4,ELEMENTARY SCHOOL,2011-2012,1,0,1,0,11,62.1
2540,FRANCIS SCOTT KEY SCHOOL,0,6,ELEMENTARY SCHOOL,2008-2009,2,0,0,0,35,84.7
2540,FRANCIS SCOTT KEY SCHOOL,0,6,ELEMENTARY SCHOOL,2009-2010,0,0,0,0,12,83.4
2540,FRANCIS SCOTT KEY SCHOOL,0,6,ELEMENTARY SCHOOL,2010-2011,0,0,0,0,14,89.4
2540,FRANCIS SCOTT KEY SCHOOL,0,6,ELEMENTARY SCHOOL,2011-2012,1,0,0,0,19,89.4
2580,ELIZA B. KIRKBRIDE SCHOOL,0,8,ELEMENTARY SCHOOL,2008-2009,0,0,0,0,10,74.8
2580,ELIZA B. KIRKBRIDE SCHOOL,0,8,ELEMENTARY SCHOOL,2009-2010,2,0,0,0,8,73.8
2580,ELIZA B. KIRKBRIDE SCHOOL,0,8,ELEMENTARY SCHOOL,2010-2011,0,0,0,0,9,74.6
2580,ELIZA B. KIRKBRIDE SCHOOL,0,8,ELEMENTARY SCHOOL,2011-2012,3,1,0,0,4,74.9
2590,GEORGE W. NEBINGER SCHOOL,0,8,ELEMENTARY SCHOOL,2008-2009,2,0,0,1,23,83.2
2590,GEORGE W. NEBINGER SCHOOL,0,8,ELEMENTARY SCHOOL,2009-2010,8,0,0,0,22,84
2590,GEORGE W. NEBINGER SCHOOL,0,8,ELEMENTARY SCHOOL,2010-2011,10,0,0,0,20,85
2590,GEORGE W. NEBINGER SCHOOL,0,8,ELEMENTARY SCHOOL,2011-2012,7,1,1,2,40,85.3
2620,ACADEMY AT PALUMBO,9,12,HIGH SCHOOL,2008-2009,3,0,0,0,7,59.5
2620,ACADEMY AT PALUMBO,9,12,HIGH SCHOOL,2009-2010,1,0,0,0,6,61.1
2620,ACADEMY AT PALUMBO,9,12,HIGH SCHOOL,2010-2011,3,0,0,0,2,72.9
2620,ACADEMY AT PALUMBO,9,12,HIGH SCHOOL,2011-2012,0,0,2,3,1,73.4
2630,GEORGE SHARSWOOD SCHOOL,0,8,ELEMENTARY SCHOOL,2008-2009,3,0,0,1,21,75.6
2630,GEORGE SHARSWOOD SCHOOL,0,8,ELEMENTARY SCHOOL,2009-2010,5,1,0,0,29,75.4
2630,GEORGE SHARSWOOD SCHOOL,0,8,ELEMENTARY SCHOOL,2010-2011,2,0,1,0,25,83.5
2630,GEORGE SHARSWOOD SCHOOL,0,8,ELEMENTARY SCHOOL,2011-2012,3,0,0,0,26,82.7
2640,SOUTHWARK SCHOOL,0,8,ELEMENTARY SCHOOL,2008-2009,2,0,0,1,51,76.3
2640,SOUTHWARK SCHOOL,0,8,ELEMENTARY SCHOOL,2009-2010,12,0,0,0,51,76
2640,SOUTHWARK SCHOOL,0,8,ELEMENTARY SCHOOL,2010-2011,11,2,0,0,44,76.3
2640,SOUTHWARK SCHOOL,0,8,ELEMENTARY SCHOOL,2011-2012,0,0,0,1,19,83.2
2650,SCIENCE LEADERSHIP ACADEMY,9,12,HIGH SCHOOL,2008-2009,2,0,3,0,7,47.7
2650,SCIENCE LEADERSHIP ACADEMY,9,12,HIGH SCHOOL,2009-2010,0,2,0,0,4,48.5
2650,SCIENCE LEADERSHIP ACADEMY,9,12,HIGH SCHOOL,2010-2011,0,2,0,0,4,49.1
2650,SCIENCE LEADERSHIP ACADEMY,9,12,HIGH SCHOOL,2011-2012,0,0,0,3,0,49
2670,CONSTITUTION HIGH SCHOOL,9,12,HIGH SCHOOL,2008-2009,3,1,1,0,27,73.3
2670,CONSTITUTION HIGH SCHOOL,9,12,HIGH SCHOOL,2009-2010,4,1,0,0,41,61.3
2670,CONSTITUTION HIGH SCHOOL,9,12,HIGH SCHOOL,2010-2011,4,2,1,0,57,73.2
2670,CONSTITUTION HIGH SCHOOL,9,12,HIGH SCHOOL,2011-2012,6,4,1,2,69,72.6
2690,JOHN H TAGGART SCHOOL,0,8,ELEMENTARY SCHOOL,2008-2009,6,1,0,0,31,83.5
2690,JOHN H TAGGART SCHOOL,0,8,ELEMENTARY SCHOOL,2009-2010,3,0,0,0,22,82.7
2690,JOHN H TAGGART SCHOOL,0,8,ELEMENTARY SCHOOL,2010-2011,3,0,0,0,8,84.1
2690,JOHN H TAGGART SCHOOL,0,8,ELEMENTARY SCHOOL,2011-2012,1,0,0,0,19,85.1
2720,ABIGAIL VARE SCHOOL,0,8,ELEMENTARY SCHOOL,2008-2009,5,0,0,0,42,84.6
2720,ABIGAIL VARE SCHOOL,0,8,ELEMENTARY SCHOOL,2009-2010,4,0,0,0,29,84.5
2720,ABIGAIL VARE SCHOOL,0,8,ELEMENTARY SCHOOL,2010-2011,4,1,0,1,35,89.6
2720,ABIGAIL VARE SCHOOL,0,8,ELEMENTARY SCHOOL,2011-2012,7,0,2,0,44,90.1
2730,GEORGE WASHINGTON SCHOOL,0,8,ELEMENTARY SCHOOL,2008-2009,4,1,0,0,25,84.1
2730,GEORGE WASHINGTON SCHOOL,0,8,ELEMENTARY SCHOOL,2009-2010,5,0,1,1,31,84.6
2730,GEORGE WASHINGTON SCHOOL,0,8,ELEMENTARY SCHOOL,2010-2011,7,0,0,0,3,84.1
2730,GEORGE WASHINGTON SCHOOL,0,8,ELEMENTARY SCHOOL,2011-2012,4,0,3,3,37,84.9
4020,OVERBROOK HIGH SCHOOL,9,12,HIGH SCHOOL,2008-2009,30,6,0,1,318,75.2
4020,OVERBROOK HIGH SCHOOL,9,12,HIGH SCHOOL,2009-2010,40,9,0,1,262,82.8
4020,OVERBROOK HIGH SCHOOL,9,12,HIGH SCHOOL,2010-2011,46,9,0,1,462,83.6
4020,OVERBROOK HIGH SCHOOL,9,12,HIGH SCHOOL,2011-2012,33,7,7,7,470,84.7
4030,ENGINEERING & SCIENCE HIGH,9,12,HIGH SCHOOL,2008-2009,7,0,0,1,35,51.2
4030,ENGINEERING & SCIENCE HIGH,9,12,HIGH SCHOOL,2009-2010,4,0,0,0,36,57.4
4030,ENGINEERING & SCIENCE HIGH,9,12,HIGH SCHOOL,2010-2011,7,1,0,0,39,59.1
4030,ENGINEERING & SCIENCE HIGH,9,12,HIGH SCHOOL,2011-2012,8,0,1,1,35,60.2
4060,MURRELL DOBBINS HIGH SCHOOL,9,12,CAREER AND TECHNICAL HIGH SCHL,2008-2009,7,0,0,0,98,84.1
4060,MURRELL DOBBINS HIGH SCHOOL,9,12,CAREER AND TECHNICAL HIGH SCHL,2009-2010,12,1,1,0,101,85.1
4060,MURRELL DOBBINS HIGH SCHOOL,9,12,CAREER AND TECHNICAL HIGH SCHL,2010-2011,8,3,0,0,166,89.2
4060,MURRELL DOBBINS HIGH SCHOOL,9,12,CAREER AND TECHNICAL HIGH SCHL,2011-2012,12,0,0,4,14,90
4100,DIMNER BEEBER MIDDLE SCHOOL,6,8,MIDDLE SCHOOL,2008-2009,15,1,2,0,219,76.1
4100,DIMNER BEEBER MIDDLE SCHOOL,6,8,MIDDLE SCHOOL,2009-2010,22,2,1,1,157,82.9
4100,DIMNER BEEBER MIDDLE SCHOOL,6,8,MIDDLE SCHOOL,2010-2011,16,0,1,1,184,83.8
4100,DIMNER BEEBER MIDDLE SCHOOL,6,8,MIDDLE SCHOOL,2011-2012,38,4,6,0,93,84.3
4140,STRAWBERRY MANSION HIGH,9,12,HIGH SCHOOL,2008-2009,35,5,1,5,50,85.5
4140,STRAWBERRY MANSION HIGH,9,12,HIGH SCHOOL,2009-2010,37,1,2,2,21,89.8
4140,STRAWBERRY MANSION HIGH,9,12,HIGH SCHOOL,2010-2011,28,5,2,0,68,89.7
4140,STRAWBERRY MANSION HIGH,9,12,HIGH SCHOOL,2011-2012,26,1,3,11,187,90.5
4150,RHODES MIDDLE SCHOOL,7,8,MIDDLE SCHOOL,2008-2009,2,1,0,0,158,84.3
4150,RHODES MIDDLE SCHOOL,7,8,MIDDLE SCHOOL,2009-2010,5,1,0,1,266,89
4150,RHODES MIDDLE SCHOOL,7,8,MIDDLE SCHOOL,2010-2011,4,0,0,0,255,89.6
4150,RHODES MIDDLE SCHOOL,7,8,MIDDLE SCHOOL,2011-2012,0,0,0,0,154,90.5
4220,BLAINE ACADEMICS PLUS SCHOOL,0,8,ELEMENTARY SCHOOL,2008-2009,15,0,0,0,58,87.7
4220,BLAINE ACADEMICS PLUS SCHOOL,0,8,ELEMENTARY SCHOOL,2009-2010,5,0,0,0,46,94.4
4220,BLAINE ACADEMICS PLUS SCHOOL,0,8,ELEMENTARY SCHOOL,2010-2011,2,0,0,0,29,91
4220,BLAINE ACADEMICS PLUS SCHOOL,0,8,ELEMENTARY SCHOOL,2011-2012,1,0,0,0,52,94.4
4240,LEWIS C CASSIDY ACADEMICS PLUS,0,6,ELEMENTARY SCHOOL,2008-2009,3,0,0,0,100,75.4
4240,LEWIS C CASSIDY ACADEMICS PLUS,0,6,ELEMENTARY SCHOOL,2009-2010,8,1,0,0,69,75.9
4240,LEWIS C CASSIDY ACADEMICS PLUS,0,6,ELEMENTARY SCHOOL,2010-2011,3,1,0,1,98,82.9
4240,LEWIS C CASSIDY ACADEMICS PLUS,0,6,ELEMENTARY SCHOOL,2011-2012,3,0,1,0,70,83.2
4270,WILLIAM DICK SCHOOL,0,8,ELEMENTARY SCHOOL,2008-2009,2,0,0,0,29,90.2
4270,WILLIAM DICK SCHOOL,0,8,ELEMENTARY SCHOOL,2009-2010,1,0,0,0,34,95.6
4270,WILLIAM DICK SCHOOL,0,8,ELEMENTARY SCHOOL,2010-2011,6,0,0,0,36,96.2
4270,WILLIAM DICK SCHOOL,0,8,ELEMENTARY SCHOOL,2011-2012,1,0,0,0,52,95.5
4280,SAMUEL GOMPERS SCHOOL,0,6,ELEMENTARY SCHOOL,2008-2009,3,0,1,0,38,74.4
4280,SAMUEL GOMPERS SCHOOL,0,6,ELEMENTARY SCHOOL,2009-2010,19,0,1,0,36,75.3
4280,SAMUEL GOMPERS SCHOOL,0,6,ELEMENTARY SCHOOL,2010-2011,8,0,1,1,40,73.6
4280,SAMUEL GOMPERS SCHOOL,0,6,ELEMENTARY SCHOOL,2011-2012,15,2,1,3,66,83.3
4300,HESTON ACADEMICS PLUS SCHOOL,0,8,ELEMENTARY SCHOOL,2008-2009,18,0,1,0,130,85.8
4300,HESTON ACADEMICS PLUS SCHOOL,0,8,ELEMENTARY SCHOOL,2009-2010,11,0,2,0,79,90.4
4300,HESTON ACADEMICS PLUS SCHOOL,0,8,ELEMENTARY SCHOOL,2010-2011,11,0,0,0,114,90.2
4300,HESTON ACADEMICS PLUS SCHOOL,0,8,ELEMENTARY SCHOOL,2011-2012,8,0,1,1,143,93.7
4310,KENDERTON SCHOOL,0,8,ELEMENTARY SCHOOL,2008-2009,7,0,1,1,34,89.2
4310,KENDERTON SCHOOL,0,8,ELEMENTARY SCHOOL,2009-2010,9,0,0,0,43,94.9
4310,KENDERTON SCHOOL,0,8,ELEMENTARY SCHOOL,2010-2011,3,1,0,0,120,94.8
4310,KENDERTON SCHOOL,0,8,ELEMENTARY SCHOOL,2011-2012,15,1,0,0,99,94.8
4320,ROBERT E LAMBERTON ELEMENTARY,0,8,ELEMENTARY SCHOOL,2008-2009,19,0,1,1,120,58.9
4320,ROBERT E LAMBERTON ELEMENTARY,0,8,ELEMENTARY SCHOOL,2009-2010,17,0,0,0,79,60
4320,ROBERT E LAMBERTON ELEMENTARY,0,8,ELEMENTARY SCHOOL,2010-2011,15,0,0,0,45,61.7
4320,ROBERT E LAMBERTON ELEMENTARY,0,8,ELEMENTARY SCHOOL,2011-2012,13,0,3,5,58,74.8
4330,ROBERT E LAMBERTON HIGH SCHOOL,9,12,HIGH SCHOOL,2008-2009,7,0,0,0,105,58.2
4330,ROBERT E LAMBERTON HIGH SCHOOL,9,12,HIGH SCHOOL,2009-2010,22,1,0,0,60,57.4
4330,ROBERT E LAMBERTON HIGH SCHOOL,9,12,HIGH SCHOOL,2010-2011,11,1,0,0,28,57.7
4330,ROBERT E LAMBERTON HIGH SCHOOL,9,12,HIGH SCHOOL,2011-2012,10,2,0,8,54,72.7
4370,OVERBROOK ELEMENTARY SCHOOL,0,5,ELEMENTARY SCHOOL,2008-2009,0,0,0,0,25,83.8
4370,OVERBROOK ELEMENTARY SCHOOL,0,5,ELEMENTARY SCHOOL,2009-2010,0,0,0,0,8,83.4
4370,OVERBROOK ELEMENTARY SCHOOL,0,5,ELEMENTARY SCHOOL,2010-2011,1,2,0,0,18,83.5
4370,OVERBROOK ELEMENTARY SCHOOL,0,5,ELEMENTARY SCHOOL,2011-2012,1,0,0,0,8,83.3
4380,THOMAS M. PEIRCE SCHOOL,0,6,ELEMENTARY SCHOOL,2008-2009,3,0,0,0,40,86.7
4380,THOMAS M. PEIRCE SCHOOL,0,6,ELEMENTARY SCHOOL,2009-2010,0,0,2,0,52,93.4
4380,THOMAS M. PEIRCE SCHOOL,0,6,ELEMENTARY SCHOOL,2010-2011,4,1,0,0,47,90.5
4380,THOMAS M. PEIRCE SCHOOL,0,6,ELEMENTARY SCHOOL,2011-2012,1,0,0,0,44,94.6
4390,ANNE B. PRATT SCHOOL,0,6,ELEMENTARY SCHOOL,2008-2009,13,0,1,0,55,91.6
4390,ANNE B. PRATT SCHOOL,0,6,ELEMENTARY SCHOOL,2009-2010,22,0,1,0,51,95.8
4390,ANNE B. PRATT SCHOOL,0,6,ELEMENTARY SCHOOL,2010-2011,8,0,1,0,42,95.3
4390,ANNE B. PRATT SCHOOL,0,6,ELEMENTARY SCHOOL,2011-2012,3,1,2,2,15,95
4400,M. HALL STANTON SCHOOL,0,7,ELEMENTARY SCHOOL,2008-2009,21,0,3,1,99,89.2
4400,M. HALL STANTON SCHOOL,0,7,ELEMENTARY SCHOOL,2009-2010,19,0,0,0,98,94.2
4400,M. HALL STANTON SCHOOL,0,7,ELEMENTARY SCHOOL,2010-2011,21,0,0,0,102,94
4400,M. HALL STANTON SCHOOL,0,7,ELEMENTARY SCHOOL,2011-2012,23,1,1,3,131,94.2
4430,JOHN WHITTIER SCHOOL,0,6,ELEMENTARY SCHOOL,2008-2009,3,0,0,0,59,87
4430,JOHN WHITTIER SCHOOL,0,6,ELEMENTARY SCHOOL,2009-2010,2,2,0,0,61,89.8
4430,JOHN WHITTIER SCHOOL,0,6,ELEMENTARY SCHOOL,2010-2011,5,0,0,0,108,90.5
4430,JOHN WHITTIER SCHOOL,0,6,ELEMENTARY SCHOOL,2011-2012,3,0,0,0,79,89.8
4440,DR. ETHEL ALLEN SCHOOL,0,8,ELEMENTARY SCHOOL,2008-2009,5,0,1,0,93,86.2
4440,DR. ETHEL ALLEN SCHOOL,0,8,ELEMENTARY SCHOOL,2009-2010,12,0,0,0,67,93.5
4440,DR. ETHEL ALLEN SCHOOL,0,8,ELEMENTARY SCHOOL,2010-2011,10,1,1,1,47,90.8
4440,DR. ETHEL ALLEN SCHOOL,0,8,ELEMENTARY SCHOOL,2011-2012,3,0,2,1,99,93.9
4450,LESLIE P. HILL SCHOOL,0,8,ELEMENTARY SCHOOL,2008-2009,14,2,1,0,27,88.1
4450,LESLIE P. HILL SCHOOL,0,8,ELEMENTARY SCHOOL,2009-2010,12,1,0,0,50,93.6
4450,LESLIE P. HILL SCHOOL,0,8,ELEMENTARY SCHOOL,2010-2011,13,1,0,0,40,93.5
4450,LESLIE P. HILL SCHOOL,0,8,ELEMENTARY SCHOOL,2011-2012,12,0,0,1,75,94.6
4460,TANNER DUCKREY SCHOOL,0,8,ELEMENTARY SCHOOL,2008-2009,6,0,1,0,45,86.9
4460,TANNER DUCKREY SCHOOL,0,8,ELEMENTARY SCHOOL,2009-2010,5,0,0,0,72,94.1
4460,TANNER DUCKREY SCHOOL,0,8,ELEMENTARY SCHOOL,2010-2011,13,1,0,0,72,95.1
4460,TANNER DUCKREY SCHOOL,0,8,ELEMENTARY SCHOOL,2011-2012,12,0,4,3,95,95.3
4470,RICHARD WRIGHT SCHOOL,0,6,ELEMENTARY SCHOOL,2008-2009,3,0,0,0,20,85.5
4470,RICHARD WRIGHT SCHOOL,0,6,ELEMENTARY SCHOOL,2009-2010,5,0,0,0,43,89.5
4470,RICHARD WRIGHT SCHOOL,0,6,ELEMENTARY SCHOOL,2010-2011,2,0,0,0,45,90.5
4470,RICHARD WRIGHT SCHOOL,0,6,ELEMENTARY SCHOOL,2011-2012,9,0,0,0,59,89.7
4480,OVERBROOK EDUCATIONAL CENTER,0,8,ELEMENTARY SCHOOL,2008-2009,2,0,0,0,27,58.7
4480,OVERBROOK EDUCATIONAL CENTER,0,8,ELEMENTARY SCHOOL,2009-2010,4,0,1,0,22,57.5
4480,OVERBROOK EDUCATIONAL CENTER,0,8,ELEMENTARY SCHOOL,2010-2011,1,0,0,0,7,51.8
4480,OVERBROOK EDUCATIONAL CENTER,0,8,ELEMENTARY SCHOOL,2011-2012,3,0,0,2,19,59.7
4530,EDWARD GIDEON SCHOOL,0,8,ELEMENTARY SCHOOL,2008-2009,3,1,1,0,40,86.8
4530,EDWARD GIDEON SCHOOL,0,8,ELEMENTARY SCHOOL,2009-2010,6,0,0,0,71,90.4
4530,EDWARD GIDEON SCHOOL,0,8,ELEMENTARY SCHOOL,2010-2011,1,0,0,0,42,93.6
4530,EDWARD GIDEON SCHOOL,0,8,ELEMENTARY SCHOOL,2011-2012,3,0,0,0,71,94.4
4560,WILLIAM D. KELLEY SCHOOL,0,8,ELEMENTARY SCHOOL,2008-2009,7,0,0,1,113,86.4
4560,WILLIAM D. KELLEY SCHOOL,0,8,ELEMENTARY SCHOOL,2009-2010,3,0,0,0,72,93.6
4560,WILLIAM D. KELLEY SCHOOL,0,8,ELEMENTARY SCHOOL,2010-2011,4,0,0,0,77,90.3
4560,WILLIAM D. KELLEY SCHOOL,0,8,ELEMENTARY SCHOOL,2011-2012,3,0,0,2,99,94.2
4570,GEN. GEORGE G. MEADE SCHOOL,0,8,ELEMENTARY SCHOOL,2008-2009,8,0,0,1,17,88.4
4570,GEN. GEORGE G. MEADE SCHOOL,0,8,ELEMENTARY SCHOOL,2009-2010,2,0,0,0,7,94.5
4570,GEN. GEORGE G. MEADE SCHOOL,0,8,ELEMENTARY SCHOOL,2010-2011,13,0,0,0,56,94.6
4570,GEN. GEORGE G. MEADE SCHOOL,0,8,ELEMENTARY SCHOOL,2011-2012,13,0,1,0,46,94.8
5020,THOMAS EDISON HIGH SCHOOL,9,12,HIGH SCHOOL,2008-2009,65,6,0,2,645,86.2
5020,THOMAS EDISON HIGH SCHOOL,9,12,HIGH SCHOOL,2009-2010,64,19,2,1,461,89.9
5020,THOMAS EDISON HIGH SCHOOL,9,12,HIGH SCHOOL,2010-2011,50,11,0,3,468,90.5
5020,THOMAS EDISON HIGH SCHOOL,9,12,HIGH SCHOOL,2011-2012,67,13,10,31,298,90.3
5050,PHILA MILITARY ACAD @ ELVERSON,9,12,HIGH SCHOOL,2008-2009,3,0,0,0,45,76
5050,PHILA MILITARY ACAD @ ELVERSON,9,12,HIGH SCHOOL,2009-2010,5,0,0,0,47,76
5050,PHILA MILITARY ACAD @ ELVERSON,9,12,HIGH SCHOOL,2010-2011,3,0,0,0,53,83.2
5050,PHILA MILITARY ACAD @ ELVERSON,9,12,HIGH SCHOOL,2011-2012,3,1,1,0,36,89.3
5060,JULES MASTBAUM HIGH SCHOOL,9,12,CAREER AND TECHNICAL HIGH SCHL,2008-2009,4,1,0,2,210,83.4
5060,JULES MASTBAUM HIGH SCHOOL,9,12,CAREER AND TECHNICAL HIGH SCHL,2009-2010,6,3,1,2,146,83.7
5060,JULES MASTBAUM HIGH SCHOOL,9,12,CAREER AND TECHNICAL HIGH SCHL,2010-2011,7,3,1,1,141,84.9
5060,JULES MASTBAUM HIGH SCHOOL,9,12,CAREER AND TECHNICAL HIGH SCHL,2011-2012,24,2,2,6,234,89.2
5070,PARKWAY-NORTHWEST HIGH SCHOOL,9,12,HIGH SCHOOL,2008-2009,4,1,0,0,63,57.1
5070,PARKWAY-NORTHWEST HIGH SCHOOL,9,12,HIGH SCHOOL,2009-2010,2,0,0,0,51,60.7
5070,PARKWAY-NORTHWEST HIGH SCHOOL,9,12,HIGH SCHOOL,2010-2011,6,1,0,0,30,58.6
5070,PARKWAY-NORTHWEST HIGH SCHOOL,9,12,HIGH SCHOOL,2011-2012,2,4,1,8,26,74.7
5080,PARKWAY CENTER CITY HIGH SCHL,9,12,HIGH SCHOOL,2008-2009,2,0,0,0,33,62.1
5080,PARKWAY CENTER CITY HIGH SCHL,9,12,HIGH SCHOOL,2009-2010,3,0,0,0,54,73.2
5080,PARKWAY CENTER CITY HIGH SCHL,9,12,HIGH SCHOOL,2010-2011,2,1,0,0,74,75.1
5080,PARKWAY CENTER CITY HIGH SCHL,9,12,HIGH SCHOOL,2011-2012,3,0,0,2,64,75.5
5090,PARKWAY WEST HIGH SCHOOL,9,12,HIGH SCHOOL,2008-2009,4,0,0,0,64,61
5090,PARKWAY WEST HIGH SCHOOL,9,12,HIGH SCHOOL,2009-2010,0,1,0,0,43,61.7
5090,PARKWAY WEST HIGH SCHOOL,9,12,HIGH SCHOOL,2010-2011,1,1,0,0,58,74.1
5090,PARKWAY WEST HIGH SCHOOL,9,12,HIGH SCHOOL,2011-2012,5,1,0,3,31,83.2
5110,PENN TREATY MIDDLE SCHOOL,6,8,MIDDLE SCHOOL,2008-2009,44,3,1,0,214,88.3
5110,PENN TREATY MIDDLE SCHOOL,6,8,MIDDLE SCHOOL,2009-2010,24,3,2,0,118,93.6
5110,PENN TREATY MIDDLE SCHOOL,6,8,MIDDLE SCHOOL,2010-2011,18,2,0,1,111,94.7
5110,PENN TREATY MIDDLE SCHOOL,6,8,MIDDLE SCHOOL,2011-2012,24,2,0,1,86,94.1
5150,WILLIAM W. BODINE H.S.,9,12,HIGH SCHOOL,2008-2009,3,0,0,0,30,59
5150,WILLIAM W. BODINE H.S.,9,12,HIGH SCHOOL,2009-2010,5,0,0,0,39,60.7
5150,WILLIAM W. BODINE H.S.,9,12,HIGH SCHOOL,2010-2011,1,0,0,0,27,61.7
5150,WILLIAM W. BODINE H.S.,9,12,HIGH SCHOOL,2011-2012,3,0,0,0,11,73.9
5170,JULIA DE BURGOS ELEMENTARY,0,8,ELEMENTARY SCHOOL,2008-2009,18,0,1,0,83,88.8
5170,JULIA DE BURGOS ELEMENTARY,0,8,ELEMENTARY SCHOOL,2009-2010,11,0,0,0,77,93.9
5170,JULIA DE BURGOS ELEMENTARY,0,8,ELEMENTARY SCHOOL,2010-2011,7,0,0,0,69,94
5170,JULIA DE BURGOS ELEMENTARY,0,8,ELEMENTARY SCHOOL,2011-2012,4,2,3,0,88,94.6
5200,ALEXANDER ADAIRE SCHOOL,0,8,ELEMENTARY SCHOOL,2008-2009,4,0,0,0,7,75.6
5200,ALEXANDER ADAIRE SCHOOL,0,8,ELEMENTARY SCHOOL,2009-2010,16,0,0,0,9,83.2
5200,ALEXANDER ADAIRE SCHOOL,0,8,ELEMENTARY SCHOOL,2010-2011,7,1,1,2,11,84.5
5200,ALEXANDER ADAIRE SCHOOL,0,8,ELEMENTARY SCHOOL,2011-2012,19,0,0,3,23,85.1
5210,H.A. BROWN ACADEMICS PLUS SCH,0,8,ELEMENTARY SCHOOL,2008-2009,1,0,0,0,23,88.6
5210,H.A. BROWN ACADEMICS PLUS SCH,0,8,ELEMENTARY SCHOOL,2009-2010,2,0,0,1,25,94.2
5210,H.A. BROWN ACADEMICS PLUS SCH,0,8,ELEMENTARY SCHOOL,2010-2011,3,0,0,1,29,93.9
5210,H.A. BROWN ACADEMICS PLUS SCH,0,8,ELEMENTARY SCHOOL,2011-2012,9,1,0,0,89,94.1
5230,RUSSELL H. CONWELL MIDDLE SCH.,5,8,MIDDLE SCHOOL,2008-2009,11,0,1,0,33,76.2
5230,RUSSELL H. CONWELL MIDDLE SCH.,5,8,MIDDLE SCHOOL,2009-2010,6,0,0,0,16,75.9
5230,RUSSELL H. CONWELL MIDDLE SCH.,5,8,MIDDLE SCHOOL,2010-2011,5,1,0,0,36,83.7
5230,RUSSELL H. CONWELL MIDDLE SCH.,5,8,MIDDLE SCHOOL,2011-2012,7,2,1,2,61,88.8
5240,STEPHEN A DOUGLAS HIGH SCHOOL,9,12,HIGH SCHOOL,2008-2009,8,5,0,2,71,84
5240,STEPHEN A DOUGLAS HIGH SCHOOL,9,12,HIGH SCHOOL,2009-2010,18,7,0,5,48,83.9
5240,STEPHEN A DOUGLAS HIGH SCHOOL,9,12,HIGH SCHOOL,2010-2011,10,2,0,3,36,90.3
5240,STEPHEN A DOUGLAS HIGH SCHOOL,9,12,HIGH SCHOOL,2011-2012,19,8,0,5,64,90.6
5250,DUNBAR ACADEMICS PLUS SCHOOL,0,8,ELEMENTARY SCHOOL,2008-2009,6,1,0,0,40,85.2
5250,DUNBAR ACADEMICS PLUS SCHOOL,0,8,ELEMENTARY SCHOOL,2009-2010,16,0,0,0,39,93.4
5250,DUNBAR ACADEMICS PLUS SCHOOL,0,8,ELEMENTARY SCHOOL,2010-2011,5,0,0,0,14,90.4
5250,DUNBAR ACADEMICS PLUS SCHOOL,0,8,ELEMENTARY SCHOOL,2011-2012,4,0,2,1,28,94.2
5260,LEWIS ELKIN SCHOOL,0,4,ELEMENTARY SCHOOL,2008-2009,2,0,0,1,113,90.3
5260,LEWIS ELKIN SCHOOL,0,4,ELEMENTARY SCHOOL,2009-2010,3,0,0,0,75,94.5
5260,LEWIS ELKIN SCHOOL,0,4,ELEMENTARY SCHOOL,2010-2011,6,1,0,0,81,94.8
5260,LEWIS ELKIN SCHOOL,0,4,ELEMENTARY SCHOOL,2011-2012,13,1,2,4,150,94.5
5280,FAIRHILL SCHOOL,0,8,ELEMENTARY SCHOOL,2008-2009,26,0,1,2,111,88.6
5280,FAIRHILL SCHOOL,0,8,ELEMENTARY SCHOOL,2009-2010,16,0,1,1,63,94.2
5280,FAIRHILL SCHOOL,0,8,ELEMENTARY SCHOOL,2010-2011,9,0,1,0,99,94.6
5280,FAIRHILL SCHOOL,0,8,ELEMENTARY SCHOOL,2011-2012,23,0,2,2,92,94.6
5290,FERGUSON ACADEMICS PLUS SCHOOL,0,8,ELEMENTARY SCHOOL,2008-2009,11,0,0,1,42,91.2
5290,FERGUSON ACADEMICS PLUS SCHOOL,0,8,ELEMENTARY SCHOOL,2009-2010,9,0,0,0,46,95.9
5290,FERGUSON ACADEMICS PLUS SCHOOL,0,8,ELEMENTARY SCHOOL,2010-2011,3,0,0,0,33,94.7
5290,FERGUSON ACADEMICS PLUS SCHOOL,0,8,ELEMENTARY SCHOOL,2011-2012,2,0,0,0,45,95
5300,HACKETT SCHOOL,0,6,ELEMENTARY SCHOOL,2008-2009,2,1,1,1,25,86.4
5300,HACKETT SCHOOL,0,6,ELEMENTARY SCHOOL,2009-2010,3,0,0,0,23,89.5
5300,HACKETT SCHOOL,0,6,ELEMENTARY SCHOOL,2010-2011,1,0,0,0,18,89.8
5300,HACKETT SCHOOL,0,6,ELEMENTARY SCHOOL,2011-2012,7,2,0,3,26,93.3
5320,JOHN F. HARTRANFT SCHOOL,0,8,ELEMENTARY SCHOOL,2008-2009,5,1,0,0,63,91.2
5320,JOHN F. HARTRANFT SCHOOL,0,8,ELEMENTARY SCHOOL,2009-2010,4,0,0,0,19,95.1
5320,JOHN F. HARTRANFT SCHOOL,0,8,ELEMENTARY SCHOOL,2010-2011,4,0,0,1,19,95
5320,JOHN F. HARTRANFT SCHOOL,0,8,ELEMENTARY SCHOOL,2011-2012,10,2,0,3,98,94.9
5330,WILLIAM H. HUNTER SCHOOL,0,8,ELEMENTARY SCHOOL,2008-2009,1,0,0,0,35,87.2
5330,WILLIAM H. HUNTER SCHOOL,0,8,ELEMENTARY SCHOOL,2009-2010,2,0,0,0,23,93.6
5330,WILLIAM H. HUNTER SCHOOL,0,8,ELEMENTARY SCHOOL,2010-2011,7,0,0,0,51,93.9
5330,WILLIAM H. HUNTER SCHOOL,0,8,ELEMENTARY SCHOOL,2011-2012,13,0,3,0,93,94.3
5340,JAMES R. LUDLOW SCHOOL,0,8,ELEMENTARY SCHOOL,2008-2009,6,0,0,0,45,86
5340,JAMES R. LUDLOW SCHOOL,0,8,ELEMENTARY SCHOOL,2009-2010,8,0,1,1,28,90.3
5340,JAMES R. LUDLOW SCHOOL,0,8,ELEMENTARY SCHOOL,2010-2011,3,0,0,0,19,95.3
5340,JAMES R. LUDLOW SCHOOL,0,8,ELEMENTARY SCHOOL,2011-2012,5,1,0,0,70,94.1
5350,WILLIAM MCKINLEY SCHOOL,0,8,ELEMENTARY SCHOOL,2008-2009,7,1,1,0,33,86.8
5350,WILLIAM MCKINLEY SCHOOL,0,8,ELEMENTARY SCHOOL,2009-2010,10,0,0,0,44,90.6
5350,WILLIAM MCKINLEY SCHOOL,0,8,ELEMENTARY SCHOOL,2010-2011,15,0,0,0,38,93.9
5350,WILLIAM MCKINLEY SCHOOL,0,8,ELEMENTARY SCHOOL,2011-2012,5,0,1,1,29,94.9
5370,JOHN MOFFET SCHOOL,0,5,ELEMENTARY SCHOOL,2008-2009,22,0,1,1,34,84.3
5370,JOHN MOFFET SCHOOL,0,5,ELEMENTARY SCHOOL,2009-2010,7,0,0,0,40,89.6
5370,JOHN MOFFET SCHOOL,0,5,ELEMENTARY SCHOOL,2010-2011,3,0,0,0,30,89.6
5370,JOHN MOFFET SCHOOL,0,5,ELEMENTARY SCHOOL,2011-2012,2,0,1,0,25,89.8
5390,POTTER THOMAS SCHOOL,0,8,ELEMENTARY SCHOOL,2008-2009,9,0,0,0,81,90.2
5390,POTTER THOMAS SCHOOL,0,8,ELEMENTARY SCHOOL,2009-2010,2,1,0,0,50,94.5
5390,POTTER THOMAS SCHOOL,0,8,ELEMENTARY SCHOOL,2010-2011,6,0,0,0,43,94
5390,POTTER THOMAS SCHOOL,0,8,ELEMENTARY SCHOOL,2011-2012,2,0,1,0,51,94.9
5400,RICHMOND ACADEMICS PLUS SCHOOL,0,5,ELEMENTARY SCHOOL,2008-2009,18,0,1,0,36,85.3
5400,RICHMOND ACADEMICS PLUS SCHOOL,0,5,ELEMENTARY SCHOOL,2009-2010,8,1,0,0,38,85.4
5400,RICHMOND ACADEMICS PLUS SCHOOL,0,5,ELEMENTARY SCHOOL,2010-2011,9,1,0,1,40,88.7
5400,RICHMOND ACADEMICS PLUS SCHOOL,0,5,ELEMENTARY SCHOOL,2011-2012,6,0,0,0,22,89.3
5410,ISAAC A. SHEPPARD SCHOOL,0,4,ELEMENTARY SCHOOL,2008-2009,1,0,0,0,56,91.3
5410,ISAAC A. SHEPPARD SCHOOL,0,4,ELEMENTARY SCHOOL,2009-2010,0,0,0,0,33,94.6
5410,ISAAC A. SHEPPARD SCHOOL,0,4,ELEMENTARY SCHOOL,2010-2011,3,0,0,0,33,93.9
5410,ISAAC A. SHEPPARD SCHOOL,0,4,ELEMENTARY SCHOOL,2011-2012,0,0,0,0,52,93.9
5420,JOHN WELSH SCHOOL,0,8,ELEMENTARY SCHOOL,2008-2009,2,0,0,0,7,87.2
5420,JOHN WELSH SCHOOL,0,8,ELEMENTARY SCHOOL,2009-2010,1,1,0,0,3,90.5
5420,JOHN WELSH SCHOOL,0,8,ELEMENTARY SCHOOL,2010-2011,4,0,0,0,22,93.6
5420,JOHN WELSH SCHOOL,0,8,ELEMENTARY SCHOOL,2011-2012,12,0,0,1,98,93.6
5430,AMY 5 AT JAMES MARTIN,6,8,MIDDLE SCHOOL,2008-2009,5,0,0,0,21,74.3
5430,AMY 5 AT JAMES MARTIN,6,8,MIDDLE SCHOOL,2009-2010,5,0,0,2,51,75.5
5430,AMY 5 AT JAMES MARTIN,6,8,MIDDLE SCHOOL,2010-2011,7,0,0,1,46,83.2
5430,AMY 5 AT JAMES MARTIN,6,8,MIDDLE SCHOOL,2011-2012,11,1,0,0,65,84.6
5440,FRANCES E. WILLARD SCHOOL,0,4,ELEMENTARY SCHOOL,2008-2009,1,0,0,0,29,89.5
5440,FRANCES E. WILLARD SCHOOL,0,4,ELEMENTARY SCHOOL,2009-2010,4,0,0,0,41,94.2
5440,FRANCES E. WILLARD SCHOOL,0,4,ELEMENTARY SCHOOL,2010-2011,5,0,0,1,48,94.2
5440,FRANCES E. WILLARD SCHOOL,0,4,ELEMENTARY SCHOOL,2011-2012,2,0,1,1,59,94.4
5450,CHARLES CARROLL HIGH SCHOOL,9,12,HIGH SCHOOL,2008-2009,11,2,0,1,43,83.1
5450,CHARLES CARROLL HIGH SCHOOL,9,12,HIGH SCHOOL,2009-2010,15,4,0,1,46,85
5450,CHARLES CARROLL HIGH SCHOOL,9,12,HIGH SCHOOL,2010-2011,17,4,0,0,31,85.4
5450,CHARLES CARROLL HIGH SCHOOL,9,12,HIGH SCHOOL,2011-2012,6,5,1,2,62,89.7
5470,CRAMP SCHOOL,0,6,ELEMENTARY SCHOOL,2008-2009,2,0,0,1,41,89
5470,CRAMP SCHOOL,0,6,ELEMENTARY SCHOOL,2009-2010,5,0,0,0,27,94.2
5470,CRAMP SCHOOL,0,6,ELEMENTARY SCHOOL,2010-2011,8,0,0,1,40,94.7
5470,CRAMP SCHOOL,0,6,ELEMENTARY SCHOOL,2011-2012,6,0,0,2,52,94.6
5480,GEN. PHILIP KEARNY SCHOOL,0,8,ELEMENTARY SCHOOL,2008-2009,2,0,0,0,11,84.4
5480,GEN. PHILIP KEARNY SCHOOL,0,8,ELEMENTARY SCHOOL,2009-2010,3,0,0,0,10,85.4
5480,GEN. PHILIP KEARNY SCHOOL,0,8,ELEMENTARY SCHOOL,2010-2011,1,0,0,0,9,84.7
5480,GEN. PHILIP KEARNY SCHOOL,0,8,ELEMENTARY SCHOOL,2011-2012,3,0,0,1,8,88.8
5490,CAYUGA SCHOOL,0,5,ELEMENTARY SCHOOL,2008-2009,28,2,0,0,55,87.5
5490,CAYUGA SCHOOL,0,5,ELEMENTARY SCHOOL,2009-2010,13,0,1,0,46,93.6
5490,CAYUGA SCHOOL,0,5,ELEMENTARY SCHOOL,2010-2011,9,0,0,0,40,93.8
5490,CAYUGA SCHOOL,0,5,ELEMENTARY SCHOOL,2011-2012,14,0,0,3,60,93.7
5500,THURGOOD MARSHALL SCHOOL,0,8,ELEMENTARY SCHOOL,2008-2009,10,1,0,0,59,85.5
5500,THURGOOD MARSHALL SCHOOL,0,8,ELEMENTARY SCHOOL,2009-2010,14,0,0,0,39,84.8
5500,THURGOOD MARSHALL SCHOOL,0,8,ELEMENTARY SCHOOL,2010-2011,10,0,0,0,133,85.1
5500,THURGOOD MARSHALL SCHOOL,0,8,ELEMENTARY SCHOOL,2011-2012,5,1,2,0,160,89.5
5510,"KENSINGTON BUSINESS, FINANCE",9,12,HIGH SCHOOL,2008-2009,31,1,0,1,139,84.7
5510,"KENSINGTON BUSINESS, FINANCE",9,12,HIGH SCHOOL,2009-2010,16,2,0,0,49,89.5
5510,"KENSINGTON BUSINESS, FINANCE",9,12,HIGH SCHOOL,2010-2011,22,7,0,2,113,89.2
5510,"KENSINGTON BUSINESS, FINANCE",9,12,HIGH SCHOOL,2011-2012,12,4,0,1,133,90
5520,KENSINGTON CAPA,9,12,HIGH SCHOOL,2008-2009,18,3,0,0,78,85.4
5520,KENSINGTON CAPA,9,12,HIGH SCHOOL,2009-2010,9,1,0,0,33,89
5520,KENSINGTON CAPA,9,12,HIGH SCHOOL,2010-2011,6,0,0,3,54,89.6
5520,KENSINGTON CAPA,9,12,HIGH SCHOOL,2011-2012,17,7,1,6,71,90.6
5530,PHILIP H. SHERIDAN SCHOOL,0,4,ELEMENTARY SCHOOL,2008-2009,11,0,1,0,59,89.6
5530,PHILIP H. SHERIDAN SCHOOL,0,4,ELEMENTARY SCHOOL,2009-2010,12,0,0,0,127,94.5
5530,PHILIP H. SHERIDAN SCHOOL,0,4,ELEMENTARY SCHOOL,2010-2011,5,0,0,0,54,95.1
5530,PHILIP H. SHERIDAN SCHOOL,0,4,ELEMENTARY SCHOOL,2011-2012,10,1,1,1,92,94.5
5550,KENSINGTON HEALTH SCIENCES,9,12,HIGH SCHOOL,2008-2009,12,2,0,0,129,85.1
5550,KENSINGTON HEALTH SCIENCES,9,12,HIGH SCHOOL,2009-2010,5,3,0,0,136,89.5
5550,KENSINGTON HEALTH SCIENCES,9,12,HIGH SCHOOL,2010-2011,3,3,0,1,109,89.5
5550,KENSINGTON HEALTH SCIENCES,9,12,HIGH SCHOOL,2011-2012,7,6,1,0,108,93.4
5560,SPRING GARDEN SCHOOL,0,8,ELEMENTARY SCHOOL,2008-2009,1,0,0,0,18,87.1
5560,SPRING GARDEN SCHOOL,0,8,ELEMENTARY SCHOOL,2009-2010,1,0,0,0,30,90.2
5560,SPRING GARDEN SCHOOL,0,8,ELEMENTARY SCHOOL,2010-2011,1,0,0,0,12,90.4
5560,SPRING GARDEN SCHOOL,0,8,ELEMENTARY SCHOOL,2011-2012,7,0,1,0,42,90.6
5590,JOHN H. WEBSTER SCHOOL,0,5,ELEMENTARY SCHOOL,2008-2009,10,0,0,0,40,89.7
5590,JOHN H. WEBSTER SCHOOL,0,5,ELEMENTARY SCHOOL,2009-2010,10,0,0,0,41,94.6
5590,JOHN H. WEBSTER SCHOOL,0,5,ELEMENTARY SCHOOL,2010-2011,4,0,1,0,50,94.5
5590,JOHN H. WEBSTER SCHOOL,0,5,ELEMENTARY SCHOOL,2011-2012,7,1,1,1,104,94.8
5600,KENSINGTON URBAN EDUCATION,9,11,HIGH SCHOOL,2010-2011,2,2,0,0,0,0
5600,KENSINGTON URBAN EDUCATION,9,11,HIGH SCHOOL,2011-2012,2,0,0,1,0,90.2
5650,SHERIDAN WEST ACADEMY,7,8,MIDDLE SCHOOL,2008-2009,4,0,1,0,60,91.6
5650,SHERIDAN WEST ACADEMY,7,8,MIDDLE SCHOOL,2009-2010,8,0,2,0,35,96.1
5650,SHERIDAN WEST ACADEMY,7,8,MIDDLE SCHOOL,2010-2011,9,0,0,0,37,95
5650,SHERIDAN WEST ACADEMY,7,8,MIDDLE SCHOOL,2011-2012,11,0,1,0,54,95.7
5680,HON. LUIS MUNOZ-MARIN SCHOOL,0,8,ELEMENTARY SCHOOL,2008-2009,14,1,1,0,145,89.1
5680,HON. LUIS MUNOZ-MARIN SCHOOL,0,8,ELEMENTARY SCHOOL,2009-2010,12,0,0,2,57,93.7
5680,HON. LUIS MUNOZ-MARIN SCHOOL,0,8,ELEMENTARY SCHOOL,2010-2011,13,0,2,2,59,94.1
5680,HON. LUIS MUNOZ-MARIN SCHOOL,0,8,ELEMENTARY SCHOOL,2011-2012,14,2,0,3,112,94.3
6010,CENTRAL HIGH SCHOOL,9,12,HIGH SCHOOL,2008-2009,12,1,0,0,34,47.5
6010,CENTRAL HIGH SCHOOL,9,12,HIGH SCHOOL,2009-2010,7,0,0,0,24,47.8
6010,CENTRAL HIGH SCHOOL,9,12,HIGH SCHOOL,2010-2011,8,4,0,0,20,49
6010,CENTRAL HIGH SCHOOL,9,12,HIGH SCHOOL,2011-2012,6,4,0,8,22,50.4
6020,GERMANTOWN HIGH SCHOOL,9,12,HIGH SCHOOL,2008-2009,48,23,0,3,569,83.2
6020,GERMANTOWN HIGH SCHOOL,9,12,HIGH SCHOOL,2009-2010,43,17,4,1,348,83.2
6020,GERMANTOWN HIGH SCHOOL,9,12,HIGH SCHOOL,2010-2011,23,20,1,0,300,84.1
6020,GERMANTOWN HIGH SCHOOL,9,12,HIGH SCHOOL,2011-2012,27,20,2,2,291,85.5
6030,ROXBOROUGH HIGH SCHOOL,9,12,HIGH SCHOOL,2008-2009,45,13,0,0,458,62.3
6030,ROXBOROUGH HIGH SCHOOL,9,12,HIGH SCHOOL,2009-2010,54,16,2,1,272,73.7
6030,ROXBOROUGH HIGH SCHOOL,9,12,HIGH SCHOOL,2010-2011,18,14,0,1,213,75.6
6030,ROXBOROUGH HIGH SCHOOL,9,12,HIGH SCHOOL,2011-2012,17,2,3,1,224,83.3
6040,W. B. SAUL HIGH SCHOOL,9,12,CAREER AND TECHNICAL HIGH SCHL,2008-2009,4,4,0,0,59,57.2
6040,W. B. SAUL HIGH SCHOOL,9,12,CAREER AND TECHNICAL HIGH SCHL,2009-2010,6,1,0,0,38,58.6
6040,W. B. SAUL HIGH SCHOOL,9,12,CAREER AND TECHNICAL HIGH SCHL,2010-2011,0,3,0,1,46,60.4
6040,W. B. SAUL HIGH SCHOOL,9,12,CAREER AND TECHNICAL HIGH SCHL,2011-2012,4,1,0,0,47,62.1
6050,PHILA HIGH SCHOOL FOR GIRLS,9,12,HIGH SCHOOL,2008-2009,3,0,0,0,13,57
6050,PHILA HIGH SCHOOL FOR GIRLS,9,12,HIGH SCHOOL,2009-2010,1,1,0,1,7,58.2
6050,PHILA HIGH SCHOOL FOR GIRLS,9,12,HIGH SCHOOL,2010-2011,2,0,1,1,14,58.9
6050,PHILA HIGH SCHOOL FOR GIRLS,9,12,HIGH SCHOOL,2011-2012,4,1,0,2,9,62.4
6060,MARTIN L. KING HIGH SCHOOL,9,12,HIGH SCHOOL,2008-2009,29,13,1,0,679,74
6060,MARTIN L. KING HIGH SCHOOL,9,12,HIGH SCHOOL,2009-2010,18,8,1,2,694,74.1
6060,MARTIN L. KING HIGH SCHOOL,9,12,HIGH SCHOOL,2010-2011,23,6,1,2,511,75.1
6060,MARTIN L. KING HIGH SCHOOL,9,12,HIGH SCHOOL,2011-2012,24,11,3,8,350,0
6070,PHILA MILITARY ACADEMY @ LEEDS,9,12,HIGH SCHOOL,2008-2009,4,0,0,0,35,61
6070,PHILA MILITARY ACADEMY @ LEEDS,9,12,HIGH SCHOOL,2009-2010,5,0,0,0,1,61.5
6070,PHILA MILITARY ACADEMY @ LEEDS,9,12,HIGH SCHOOL,2010-2011,5,1,0,0,7,73
6070,PHILA MILITARY ACADEMY @ LEEDS,9,12,HIGH SCHOOL,2011-2012,3,1,0,0,22,76.4
6090,RANDOLPH TECHNICAL HIGH SCHOOL,9,12,CAREER AND TECHNICAL HIGH SCHL,2008-2009,3,2,0,0,80,74.2
6090,RANDOLPH TECHNICAL HIGH SCHOOL,9,12,CAREER AND TECHNICAL HIGH SCHL,2009-2010,8,1,0,1,95,75
6090,RANDOLPH TECHNICAL HIGH SCHOOL,9,12,CAREER AND TECHNICAL HIGH SCHL,2010-2011,6,0,0,0,99,83.6
6090,RANDOLPH TECHNICAL HIGH SCHOOL,9,12,CAREER AND TECHNICAL HIGH SCHL,2011-2012,5,3,0,2,145,84.5
6100,LEEDS MIDDLE SCHOOL,7,8,MIDDLE SCHOOL,2008-2009,12,0,0,0,73,74.6
6100,LEEDS MIDDLE SCHOOL,7,8,MIDDLE SCHOOL,2009-2010,3,0,0,0,76,73
6100,LEEDS MIDDLE SCHOOL,7,8,MIDDLE SCHOOL,2010-2011,13,2,0,0,80,74.5
6100,LEEDS MIDDLE SCHOOL,7,8,MIDDLE SCHOOL,2011-2012,18,1,1,0,89,74
6110,ROOSEVELT MIDDLE SCHOOL,7,8,MIDDLE SCHOOL,2008-2009,31,2,0,0,174,83.9
6110,ROOSEVELT MIDDLE SCHOOL,7,8,MIDDLE SCHOOL,2009-2010,12,0,1,0,123,85
6110,ROOSEVELT MIDDLE SCHOOL,7,8,MIDDLE SCHOOL,2010-2011,10,4,0,0,93,88.6
6110,ROOSEVELT MIDDLE SCHOOL,7,8,MIDDLE SCHOOL,2011-2012,16,2,1,0,63,89.1
6200,ANNA B. DAY SCHOOL,0,8,ELEMENTARY SCHOOL,2008-2009,9,0,0,0,24,73.6
6200,ANNA B. DAY SCHOOL,0,8,ELEMENTARY SCHOOL,2009-2010,2,0,0,0,18,74.7
6200,ANNA B. DAY SCHOOL,0,8,ELEMENTARY SCHOOL,2010-2011,0,0,0,0,16,75.1
6200,ANNA B. DAY SCHOOL,0,8,ELEMENTARY SCHOOL,2011-2012,1,0,0,1,23,75.3
6210,FRANKLIN S. EDMONDS SCHOOL,0,6,ELEMENTARY SCHOOL,2008-2009,0,0,0,0,11,72.6
6210,FRANKLIN S. EDMONDS SCHOOL,0,6,ELEMENTARY SCHOOL,2009-2010,7,0,0,0,15,61.8
6210,FRANKLIN S. EDMONDS SCHOOL,0,6,ELEMENTARY SCHOOL,2010-2011,12,1,0,0,44,73.8
6210,FRANKLIN S. EDMONDS SCHOOL,0,6,ELEMENTARY SCHOOL,2011-2012,13,0,1,1,40,73.4
6220,ELEANOR C. EMLEN SCHOOL,0,6,ELEMENTARY SCHOOL,2008-2009,6,0,0,0,35,85
6220,ELEANOR C. EMLEN SCHOOL,0,6,ELEMENTARY SCHOOL,2009-2010,5,0,0,0,22,85.1
6220,ELEANOR C. EMLEN SCHOOL,0,6,ELEMENTARY SCHOOL,2010-2011,8,0,0,0,26,85.2
6220,ELEANOR C. EMLEN SCHOOL,0,6,ELEMENTARY SCHOOL,2011-2012,3,0,1,0,29,84.8
6230,FITLER ACADEMICS PLUS,1,8,ELEMENTARY SCHOOL,2008-2009,8,0,0,0,26,73.3
6230,FITLER ACADEMICS PLUS,1,8,ELEMENTARY SCHOOL,2009-2010,3,0,0,0,34,73.5
6230,FITLER ACADEMICS PLUS,1,8,ELEMENTARY SCHOOL,2010-2011,5,0,0,0,42,75.6
6230,FITLER ACADEMICS PLUS,1,8,ELEMENTARY SCHOOL,2011-2012,6,0,1,1,50,84.7
6240,ROBERT FULTON SCHOOL,0,6,ELEMENTARY SCHOOL,2008-2009,4,0,0,0,23,88
6240,ROBERT FULTON SCHOOL,0,6,ELEMENTARY SCHOOL,2009-2010,4,1,0,0,36,90.3
6240,ROBERT FULTON SCHOOL,0,6,ELEMENTARY SCHOOL,2010-2011,10,0,0,0,36,89.9
6240,ROBERT FULTON SCHOOL,0,6,ELEMENTARY SCHOOL,2011-2012,5,0,1,2,61,93.5
6250,CHARLES W HENRY SCHOOL,0,8,ELEMENTARY SCHOOL,2008-2009,7,0,0,1,45,57.8
6250,CHARLES W HENRY SCHOOL,0,8,ELEMENTARY SCHOOL,2009-2010,8,0,0,0,56,58.2
6250,CHARLES W HENRY SCHOOL,0,8,ELEMENTARY SCHOOL,2010-2011,8,0,0,0,28,60.4
6250,CHARLES W HENRY SCHOOL,0,8,ELEMENTARY SCHOOL,2011-2012,7,0,1,0,32,60.5
6260,HENRY H. HOUSTON SCHOOL,0,8,ELEMENTARY SCHOOL,2008-2009,5,0,0,0,61,60.8
6260,HENRY H. HOUSTON SCHOOL,0,8,ELEMENTARY SCHOOL,2009-2010,9,1,0,0,75,62.1
6260,HENRY H. HOUSTON SCHOOL,0,8,ELEMENTARY SCHOOL,2010-2011,5,1,0,0,37,62
6260,HENRY H. HOUSTON SCHOOL,0,8,ELEMENTARY SCHOOL,2011-2012,22,0,1,4,77,74.1
6270,JOHN STORY JENKS SCHOOL,0,8,ELEMENTARY SCHOOL,2008-2009,1,0,0,0,7,47.7
6270,JOHN STORY JENKS SCHOOL,0,8,ELEMENTARY SCHOOL,2009-2010,1,0,0,1,7,48.5
6270,JOHN STORY JENKS SCHOOL,0,8,ELEMENTARY SCHOOL,2010-2011,0,0,0,0,3,51.7
6270,JOHN STORY JENKS SCHOOL,0,8,ELEMENTARY SCHOOL,2011-2012,1,0,0,0,16,57.3
6280,JOHN L. KINSEY SCHOOL,0,8,ELEMENTARY SCHOOL,2008-2009,25,0,1,0,91,85.3
6280,JOHN L. KINSEY SCHOOL,0,8,ELEMENTARY SCHOOL,2009-2010,7,1,0,0,98,88.6
6280,JOHN L. KINSEY SCHOOL,0,8,ELEMENTARY SCHOOL,2010-2011,10,0,2,0,38,85.1
6280,JOHN L. KINSEY SCHOOL,0,8,ELEMENTARY SCHOOL,2011-2012,11,0,1,2,58,85.5
6300,LOGAN SCHOOL,0,6,ELEMENTARY SCHOOL,2008-2009,2,0,0,0,32,85.6
6300,LOGAN SCHOOL,0,6,ELEMENTARY SCHOOL,2009-2010,4,0,0,0,50,89.4
6300,LOGAN SCHOOL,0,6,ELEMENTARY SCHOOL,2010-2011,1,0,0,0,15,88.8
6300,LOGAN SCHOOL,0,6,ELEMENTARY SCHOOL,2011-2012,0,0,1,1,1,85.4
6310,MCCLOSKEY SCHOOL,0,6,ELEMENTARY SCHOOL,2008-2009,1,0,1,0,28,61.4
6310,MCCLOSKEY SCHOOL,0,6,ELEMENTARY SCHOOL,2009-2010,0,0,0,0,26,60.1
6310,MCCLOSKEY SCHOOL,0,6,ELEMENTARY SCHOOL,2010-2011,3,0,0,0,13,73.8
6310,MCCLOSKEY SCHOOL,0,6,ELEMENTARY SCHOOL,2011-2012,1,0,0,1,24,75.1
6320,MIFFLIN SCHOOL,0,8,ELEMENTARY SCHOOL,2008-2009,16,0,1,0,55,83.1
6320,MIFFLIN SCHOOL,0,8,ELEMENTARY SCHOOL,2009-2010,6,0,0,0,73,83.7
6320,MIFFLIN SCHOOL,0,8,ELEMENTARY SCHOOL,2010-2011,6,0,1,0,50,84.6
6320,MIFFLIN SCHOOL,0,8,ELEMENTARY SCHOOL,2011-2012,6,0,0,0,59,89.3
6330,PASTORIUS SCHOOL,0,8,ELEMENTARY SCHOOL,2008-2009,32,0,1,0,161,86.8
6330,PASTORIUS SCHOOL,0,8,ELEMENTARY SCHOOL,2009-2010,20,0,1,0,113,89.6
6330,PASTORIUS SCHOOL,0,8,ELEMENTARY SCHOOL,2010-2011,39,2,1,0,193,89.8
6330,PASTORIUS SCHOOL,0,8,ELEMENTARY SCHOOL,2011-2012,4,0,0,2,105,90.6
6340,JOSEPH PENNELL ELEMENTARY,0,6,ELEMENTARY SCHOOL,2008-2009,4,0,1,0,63,83.9
6340,JOSEPH PENNELL ELEMENTARY,0,6,ELEMENTARY SCHOOL,2009-2010,10,0,0,0,47,88.7
6340,JOSEPH PENNELL ELEMENTARY,0,6,ELEMENTARY SCHOOL,2010-2011,2,0,0,2,49,88.8
6340,JOSEPH PENNELL ELEMENTARY,0,6,ELEMENTARY SCHOOL,2011-2012,21,0,0,4,88,88.7
6350,PENNYPACKER SCHOOL,0,6,ELEMENTARY SCHOOL,2008-2009,2,1,0,0,9,82.8
6350,PENNYPACKER SCHOOL,0,6,ELEMENTARY SCHOOL,2009-2010,2,0,1,0,17,83.1
6350,PENNYPACKER SCHOOL,0,6,ELEMENTARY SCHOOL,2010-2011,9,0,0,0,6,76.3
6350,PENNYPACKER SCHOOL,0,6,ELEMENTARY SCHOOL,2011-2012,8,0,2,2,72,83.7
6380,SHAWMONT SCHOOL,0,8,ELEMENTARY SCHOOL,2008-2009,3,1,0,1,18,48.2
6380,SHAWMONT SCHOOL,0,8,ELEMENTARY SCHOOL,2009-2010,6,0,1,0,29,48.5
6380,SHAWMONT SCHOOL,0,8,ELEMENTARY SCHOOL,2010-2011,4,0,0,0,30,51.9
6380,SHAWMONT SCHOOL,0,8,ELEMENTARY SCHOOL,2011-2012,2,0,0,6,15,58.3
6390,EDWARD T STEEL SCHOOL,0,8,ELEMENTARY SCHOOL,2008-2009,5,1,0,0,4,87.7
6390,EDWARD T STEEL SCHOOL,0,8,ELEMENTARY SCHOOL,2009-2010,6,0,0,0,0,93.5
6390,EDWARD T STEEL SCHOOL,0,8,ELEMENTARY SCHOOL,2010-2011,6,0,0,0,2,94.1
6390,EDWARD T STEEL SCHOOL,0,8,ELEMENTARY SCHOOL,2011-2012,7,0,0,2,29,93.8
6400,WIDENER MEMORIAL SCHOOL,0,12,ELEMENTARY SCHOOL,2008-2009,0,0,0,0,0,75.9
6400,WIDENER MEMORIAL SCHOOL,0,12,ELEMENTARY SCHOOL,2009-2010,1,0,0,1,0,83.1
6400,WIDENER MEMORIAL SCHOOL,0,12,ELEMENTARY SCHOOL,2010-2011,2,0,0,0,0,83.4
6400,WIDENER MEMORIAL SCHOOL,0,12,ELEMENTARY SCHOOL,2011-2012,0,0,0,1,0,84.4
6410,COOK-WISSAHICKON SCHOOL,0,8,ELEMENTARY SCHOOL,2008-2009,1,0,0,0,11,59
6410,COOK-WISSAHICKON SCHOOL,0,8,ELEMENTARY SCHOOL,2009-2010,4,0,0,0,8,57.6
6410,COOK-WISSAHICKON SCHOOL,0,8,ELEMENTARY SCHOOL,2010-2011,6,0,0,1,20,61.3
6410,COOK-WISSAHICKON SCHOOL,0,8,ELEMENTARY SCHOOL,2011-2012,15,2,0,3,52,61.4
6430,JOHN WISTER SCHOOL,0,6,ELEMENTARY SCHOOL,2008-2009,0,0,0,0,63,89.4
6430,JOHN WISTER SCHOOL,0,6,ELEMENTARY SCHOOL,2009-2010,3,0,0,0,39,94.5
6430,JOHN WISTER SCHOOL,0,6,ELEMENTARY SCHOOL,2010-2011,3,0,0,1,54,94.2
6430,JOHN WISTER SCHOOL,0,6,ELEMENTARY SCHOOL,2011-2012,2,0,0,0,54,94.9
6440,ANNA L. LINGELBACH SCHOOL,0,8,ELEMENTARY SCHOOL,2008-2009,1,1,0,0,29,73.7
6440,ANNA L. LINGELBACH SCHOOL,0,8,ELEMENTARY SCHOOL,2009-2010,3,0,0,0,35,61.2
6440,ANNA L. LINGELBACH SCHOOL,0,8,ELEMENTARY SCHOOL,2010-2011,2,0,0,0,39,75.3
6440,ANNA L. LINGELBACH SCHOOL,0,8,ELEMENTARY SCHOOL,2011-2012,6,0,0,2,17,75.2
6450,JAMES DOBSON SCHOOL,0,8,ELEMENTARY SCHOOL,2008-2009,7,0,0,0,26,51.5
6450,JAMES DOBSON SCHOOL,0,8,ELEMENTARY SCHOOL,2009-2010,0,0,0,0,14,51.3
6450,JAMES DOBSON SCHOOL,0,8,ELEMENTARY SCHOOL,2010-2011,8,0,0,0,10,60.8
6450,JAMES DOBSON SCHOOL,0,8,ELEMENTARY SCHOOL,2011-2012,2,0,2,0,10,58.7
6460,HILL-FREEDMAN MIDDLE SCHOOL,6,8,MIDDLE SCHOOL,2008-2009,2,0,0,0,6,50.9
6460,HILL-FREEDMAN MIDDLE SCHOOL,6,8,MIDDLE SCHOOL,2009-2010,1,0,0,1,4,50.8
6460,HILL-FREEDMAN MIDDLE SCHOOL,6,8,MIDDLE SCHOOL,2010-2011,1,0,0,0,2,58
6460,HILL-FREEDMAN MIDDLE SCHOOL,6,8,MIDDLE SCHOOL,2011-2012,1,0,0,0,2,59.3
6470,JOHN B. KELLY SCHOOL,0,6,ELEMENTARY SCHOOL,2008-2009,3,0,0,0,167,86.8
6470,JOHN B. KELLY SCHOOL,0,6,ELEMENTARY SCHOOL,2009-2010,8,2,0,1,101,89.7
6470,JOHN B. KELLY SCHOOL,0,6,ELEMENTARY SCHOOL,2010-2011,15,0,0,1,97,89.6
6470,JOHN B. KELLY SCHOOL,0,6,ELEMENTARY SCHOOL,2011-2012,3,1,1,4,123,90.4
6480,AMY NORTHWEST,6,8,MIDDLE SCHOOL,2008-2009,7,0,1,0,4,60.5
6480,AMY NORTHWEST,6,8,MIDDLE SCHOOL,2009-2010,2,0,0,0,12,60
6480,AMY NORTHWEST,6,8,MIDDLE SCHOOL,2010-2011,2,0,0,0,5,60.4
6480,AMY NORTHWEST,6,8,MIDDLE SCHOOL,2011-2012,1,0,2,0,9,60.2
6540,LANKENAU HIGH SCHOOL,9,12,HIGH SCHOOL,2008-2009,2,1,0,0,21,51.1
6540,LANKENAU HIGH SCHOOL,9,12,HIGH SCHOOL,2009-2010,1,0,0,0,23,51.2
6540,LANKENAU HIGH SCHOOL,9,12,HIGH SCHOOL,2010-2011,1,1,0,0,19,59.5
6540,LANKENAU HIGH SCHOOL,9,12,HIGH SCHOOL,2011-2012,8,0,0,0,13,61.4
7010,FRANKFORD HIGH SCHOOL,9,12,HIGH SCHOOL,2008-2009,36,7,1,0,536,82.9
7010,FRANKFORD HIGH SCHOOL,9,12,HIGH SCHOOL,2009-2010,34,2,1,1,505,82.9
7010,FRANKFORD HIGH SCHOOL,9,12,HIGH SCHOOL,2010-2011,21,5,1,4,400,84.2
7010,FRANKFORD HIGH SCHOOL,9,12,HIGH SCHOOL,2011-2012,27,12,4,20,298,85.2
7100,COOKE ELEMENTARY SCHOOL,0,8,ELEMENTARY SCHOOL,2008-2009,10,0,2,0,62,84.8
7100,COOKE ELEMENTARY SCHOOL,0,8,ELEMENTARY SCHOOL,2009-2010,17,2,0,0,59,88.5
7100,COOKE ELEMENTARY SCHOOL,0,8,ELEMENTARY SCHOOL,2010-2011,10,1,1,1,58,89.2
7100,COOKE ELEMENTARY SCHOOL,0,8,ELEMENTARY SCHOOL,2011-2012,10,2,8,3,88,89.4
7110,HARDING MIDDLE SCHOOL,6,8,MIDDLE SCHOOL,2008-2009,55,8,1,2,343,85.3
7110,HARDING MIDDLE SCHOOL,6,8,MIDDLE SCHOOL,2009-2010,21,2,1,0,252,89.6
7110,HARDING MIDDLE SCHOOL,6,8,MIDDLE SCHOOL,2010-2011,20,5,0,1,190,90.2
7110,HARDING MIDDLE SCHOOL,6,8,MIDDLE SCHOOL,2011-2012,39,1,3,2,218,93.6
7120,SAMUEL S. FELS HIGH SCHOOL,9,12,HIGH SCHOOL,2008-2009,126,13,2,3,615,72.8
7120,SAMUEL S. FELS HIGH SCHOOL,9,12,HIGH SCHOOL,2009-2010,61,17,0,3,587,73.2
7120,SAMUEL S. FELS HIGH SCHOOL,9,12,HIGH SCHOOL,2010-2011,53,12,0,3,622,73.9
7120,SAMUEL S. FELS HIGH SCHOOL,9,12,HIGH SCHOOL,2011-2012,27,5,1,11,342,75.5
7130,WAGNER MIDDLE SCHOOL,6,8,MIDDLE SCHOOL,2008-2009,21,1,0,0,183,75.2
7130,WAGNER MIDDLE SCHOOL,6,8,MIDDLE SCHOOL,2009-2010,6,1,0,0,122,75.4
7130,WAGNER MIDDLE SCHOOL,6,8,MIDDLE SCHOOL,2010-2011,12,0,0,0,48,76.4
7130,WAGNER MIDDLE SCHOOL,6,8,MIDDLE SCHOOL,2011-2012,7,0,0,2,114,84.5
7150,JUNIATA PARK ACADEMY,0,8,ELEMENTARY SCHOOL,2008-2009,7,0,0,0,89,84.5
7150,JUNIATA PARK ACADEMY,0,8,ELEMENTARY SCHOOL,2009-2010,4,0,0,0,81,84
7150,JUNIATA PARK ACADEMY,0,8,ELEMENTARY SCHOOL,2010-2011,5,0,0,0,115,85.2
7150,JUNIATA PARK ACADEMY,0,8,ELEMENTARY SCHOOL,2011-2012,8,0,0,0,67,89.5
7200,BARTON SCHOOL,0,2,ELEMENTARY SCHOOL,2008-2009,2,0,0,0,6,85.1
7200,BARTON SCHOOL,0,2,ELEMENTARY SCHOOL,2009-2010,6,0,0,0,12,89.6
7200,BARTON SCHOOL,0,2,ELEMENTARY SCHOOL,2010-2011,3,0,0,0,27,89.6
7200,BARTON SCHOOL,0,2,ELEMENTARY SCHOOL,2011-2012,1,0,0,0,12,89.5
7220,CARNELL SCHOOL,0,8,ELEMENTARY SCHOOL,2008-2009,22,0,0,0,223,76
7220,CARNELL SCHOOL,0,8,ELEMENTARY SCHOOL,2009-2010,29,3,0,0,161,76.2
7220,CARNELL SCHOOL,0,8,ELEMENTARY SCHOOL,2010-2011,19,2,2,2,291,83.6
7220,CARNELL SCHOOL,0,8,ELEMENTARY SCHOOL,2011-2012,31,4,2,6,272,83.9
7260,ELLWOOD SCHOOL,0,5,ELEMENTARY SCHOOL,2008-2009,2,0,0,0,40,72.9
7260,ELLWOOD SCHOOL,0,5,ELEMENTARY SCHOOL,2009-2010,3,0,0,0,21,73.9
7260,ELLWOOD SCHOOL,0,5,ELEMENTARY SCHOOL,2010-2011,9,0,0,0,25,83.3
7260,ELLWOOD SCHOOL,0,5,ELEMENTARY SCHOOL,2011-2012,9,0,0,0,26,84.1
7270,FINLETTER ACADEMICS PLUS SCH,0,8,ELEMENTARY SCHOOL,2008-2009,13,0,1,0,168,73.7
7270,FINLETTER ACADEMICS PLUS SCH,0,8,ELEMENTARY SCHOOL,2009-2010,11,0,0,0,59,74.2
7270,FINLETTER ACADEMICS PLUS SCH,0,8,ELEMENTARY SCHOOL,2010-2011,6,0,0,1,88,73.8
7270,FINLETTER ACADEMICS PLUS SCH,0,8,ELEMENTARY SCHOOL,2011-2012,7,6,5,1,73,75.4
7280,FRANKLIN ACADEMICS PLUS SCHOOL,0,8,ELEMENTARY SCHOOL,2008-2009,22,0,0,0,89,72.6
7280,FRANKLIN ACADEMICS PLUS SCHOOL,0,8,ELEMENTARY SCHOOL,2009-2010,34,1,0,0,64,72.5
7280,FRANKLIN ACADEMICS PLUS SCHOOL,0,8,ELEMENTARY SCHOOL,2010-2011,29,0,2,0,99,74.3
7280,FRANKLIN ACADEMICS PLUS SCHOOL,0,8,ELEMENTARY SCHOOL,2011-2012,35,0,6,1,121,83.2
7290,ALLEN M. STEARNE SCHOOL,0,6,ELEMENTARY SCHOOL,2008-2009,9,0,0,1,33,89
7290,ALLEN M. STEARNE SCHOOL,0,6,ELEMENTARY SCHOOL,2009-2010,6,2,1,0,72,93.5
7290,ALLEN M. STEARNE SCHOOL,0,6,ELEMENTARY SCHOOL,2010-2011,7,0,0,0,46,94.4
7290,ALLEN M. STEARNE SCHOOL,0,6,ELEMENTARY SCHOOL,2011-2012,9,0,0,2,69,93.7
7300,FRANCIS HOPKINSON SCHOOL,0,8,ELEMENTARY SCHOOL,2008-2009,13,0,0,1,108,85.4
7300,FRANCIS HOPKINSON SCHOOL,0,8,ELEMENTARY SCHOOL,2009-2010,5,0,1,1,103,89.7
7300,FRANCIS HOPKINSON SCHOOL,0,8,ELEMENTARY SCHOOL,2010-2011,11,2,0,0,109,89.7
7300,FRANCIS HOPKINSON SCHOOL,0,8,ELEMENTARY SCHOOL,2011-2012,6,1,1,0,100,90.5
7310,FELTONVILLE INTERMEDIATE,3,5,ELEMENTARY SCHOOL,2008-2009,7,0,0,0,43,84
7310,FELTONVILLE INTERMEDIATE,3,5,ELEMENTARY SCHOOL,2009-2010,3,0,0,0,40,84.8
7310,FELTONVILLE INTERMEDIATE,3,5,ELEMENTARY SCHOOL,2010-2011,2,0,0,0,36,90.4
7310,FELTONVILLE INTERMEDIATE,3,5,ELEMENTARY SCHOOL,2011-2012,12,0,0,1,73,90.7
7320,HOWE ACADEMICS PLUS SCHOOL,0,5,ELEMENTARY SCHOOL,2008-2009,6,0,0,0,3,85
7320,HOWE ACADEMICS PLUS SCHOOL,0,5,ELEMENTARY SCHOOL,2009-2010,5,0,0,0,45,85.1
7320,HOWE ACADEMICS PLUS SCHOOL,0,5,ELEMENTARY SCHOOL,2010-2011,2,0,1,0,28,83.7
7320,HOWE ACADEMICS PLUS SCHOOL,0,5,ELEMENTARY SCHOOL,2011-2012,2,0,0,1,27,88.6
7330,HENRY W. LAWTON SCHOOL,0,6,ELEMENTARY SCHOOL,2008-2009,12,0,0,1,23,83.6
7330,HENRY W. LAWTON SCHOOL,0,6,ELEMENTARY SCHOOL,2009-2010,7,0,0,0,44,83.1
7330,HENRY W. LAWTON SCHOOL,0,6,ELEMENTARY SCHOOL,2010-2011,11,0,0,0,51,83
7330,HENRY W. LAWTON SCHOOL,0,6,ELEMENTARY SCHOOL,2011-2012,12,0,2,2,38,85.3
7350,JAMES R. LOWELL SCHOOL,0,4,ELEMENTARY SCHOOL,2008-2009,4,0,0,0,73,76.3
7350,JAMES R. LOWELL SCHOOL,0,4,ELEMENTARY SCHOOL,2009-2010,12,0,0,0,63,75.9
7350,JAMES R. LOWELL SCHOOL,0,4,ELEMENTARY SCHOOL,2010-2011,9,1,1,0,76,76
7350,JAMES R. LOWELL SCHOOL,0,4,ELEMENTARY SCHOOL,2011-2012,12,0,5,2,71,83.7
7360,JOHN MARSHALL SCHOOL,0,5,ELEMENTARY SCHOOL,2008-2009,6,0,0,0,28,85.9
7360,JOHN MARSHALL SCHOOL,0,5,ELEMENTARY SCHOOL,2009-2010,1,1,0,0,27,88.7
7360,JOHN MARSHALL SCHOOL,0,5,ELEMENTARY SCHOOL,2010-2011,5,1,0,0,51,90.6
7360,JOHN MARSHALL SCHOOL,0,5,ELEMENTARY SCHOOL,2011-2012,5,1,1,0,26,93.4
7370,GROVER WASHINGTON JR. MIDDLE,5,8,MIDDLE SCHOOL,2008-2009,32,0,1,0,191,73.8
7370,GROVER WASHINGTON JR. MIDDLE,5,8,MIDDLE SCHOOL,2009-2010,15,0,0,0,111,74.9
7370,GROVER WASHINGTON JR. MIDDLE,5,8,MIDDLE SCHOOL,2010-2011,15,1,0,0,131,74.8
7370,GROVER WASHINGTON JR. MIDDLE,5,8,MIDDLE SCHOOL,2011-2012,19,1,3,4,128,83.9
7380,ALEXANDER MCCLURE SCHOOL,0,5,ELEMENTARY SCHOOL,2008-2009,14,0,3,0,39,88
7380,ALEXANDER MCCLURE SCHOOL,0,5,ELEMENTARY SCHOOL,2009-2010,11,1,1,0,41,93.9
7380,ALEXANDER MCCLURE SCHOOL,0,5,ELEMENTARY SCHOOL,2010-2011,5,1,0,0,34,94.6
7380,ALEXANDER MCCLURE SCHOOL,0,5,ELEMENTARY SCHOOL,2011-2012,4,0,1,0,28,94.2
7390,ANDREW J. MORRISON SCHOOL,0,8,ELEMENTARY SCHOOL,2008-2009,17,2,1,1,69,85.1
7390,ANDREW J. MORRISON SCHOOL,0,8,ELEMENTARY SCHOOL,2009-2010,9,0,0,1,47,88.6
7390,ANDREW J. MORRISON SCHOOL,0,8,ELEMENTARY SCHOOL,2010-2011,13,1,0,0,115,88.6
7390,ANDREW J. MORRISON SCHOOL,0,8,ELEMENTARY SCHOOL,2011-2012,12,2,5,2,125,89.6
7400,OLNEY ELEMENTARY SCHOOL,0,8,ELEMENTARY SCHOOL,2008-2009,6,1,0,1,76,82.9
7400,OLNEY ELEMENTARY SCHOOL,0,8,ELEMENTARY SCHOOL,2009-2010,10,0,0,0,44,83
7400,OLNEY ELEMENTARY SCHOOL,0,8,ELEMENTARY SCHOOL,2010-2011,6,1,0,0,16,83.3
7400,OLNEY ELEMENTARY SCHOOL,0,8,ELEMENTARY SCHOOL,2011-2012,5,0,3,0,57,85.4
7430,JAMES J. SULLIVAN SCHOOL,0,5,ELEMENTARY SCHOOL,2008-2009,11,1,0,0,46,85.7
7430,JAMES J. SULLIVAN SCHOOL,0,5,ELEMENTARY SCHOOL,2009-2010,2,0,1,0,30,90.4
7430,JAMES J. SULLIVAN SCHOOL,0,5,ELEMENTARY SCHOOL,2010-2011,8,0,1,0,31,89.9
7430,JAMES J. SULLIVAN SCHOOL,0,5,ELEMENTARY SCHOOL,2011-2012,17,0,1,0,35,89.6
7440,BAYARD TAYLOR SCHOOL,0,5,ELEMENTARY SCHOOL,2008-2009,4,0,1,0,31,87.6
7440,BAYARD TAYLOR SCHOOL,0,5,ELEMENTARY SCHOOL,2009-2010,3,0,0,0,34,90.2
7440,BAYARD TAYLOR SCHOOL,0,5,ELEMENTARY SCHOOL,2010-2011,2,0,0,2,22,93.5
7440,BAYARD TAYLOR SCHOOL,0,5,ELEMENTARY SCHOOL,2011-2012,7,0,0,6,29,93.8
7460,WILLIAM H. ZIEGLER SCHOOL,0,8,ELEMENTARY SCHOOL,2008-2009,2,0,0,0,40,74.6
7460,WILLIAM H. ZIEGLER SCHOOL,0,8,ELEMENTARY SCHOOL,2009-2010,7,1,1,0,69,73.7
7460,WILLIAM H. ZIEGLER SCHOOL,0,8,ELEMENTARY SCHOOL,2010-2011,6,0,0,0,72,82.9
7460,WILLIAM H. ZIEGLER SCHOOL,0,8,ELEMENTARY SCHOOL,2011-2012,7,0,0,0,30,84.6
7470,BRIDESBURG SCHOOL,0,5,ELEMENTARY SCHOOL,2008-2009,5,0,0,0,7,61.7
7470,BRIDESBURG SCHOOL,0,5,ELEMENTARY SCHOOL,2009-2010,1,0,0,0,8,60.4
7470,BRIDESBURG SCHOOL,0,5,ELEMENTARY SCHOOL,2010-2011,1,0,0,0,22,73.1
7470,BRIDESBURG SCHOOL,0,5,ELEMENTARY SCHOOL,2011-2012,3,0,1,1,20,73.8
7490,PRINCE HALL SCHOOL,0,5,ELEMENTARY SCHOOL,2008-2009,5,1,0,0,32,82.7
7490,PRINCE HALL SCHOOL,0,5,ELEMENTARY SCHOOL,2009-2010,6,0,0,0,32,82.8
7490,PRINCE HALL SCHOOL,0,5,ELEMENTARY SCHOOL,2010-2011,5,1,0,0,41,83.5
7490,PRINCE HALL SCHOOL,0,5,ELEMENTARY SCHOOL,2011-2012,5,0,1,4,43,83.5
7500,FELTONVILLE ARTS & SCIENCES,6,8,MIDDLE SCHOOL,2008-2009,7,0,0,0,96,84.9
7500,FELTONVILLE ARTS & SCIENCES,6,8,MIDDLE SCHOOL,2009-2010,8,0,0,0,60,88.6
7500,FELTONVILLE ARTS & SCIENCES,6,8,MIDDLE SCHOOL,2010-2011,20,0,0,1,202,90.3
7500,FELTONVILLE ARTS & SCIENCES,6,8,MIDDLE SCHOOL,2011-2012,9,5,3,0,140,90.3
7510,MARY BETHUNE SCHOOL,0,8,ELEMENTARY SCHOOL,2008-2009,8,1,0,0,42,88.3
7510,MARY BETHUNE SCHOOL,0,8,ELEMENTARY SCHOOL,2009-2010,2,0,0,0,23,93.7
7510,MARY BETHUNE SCHOOL,0,8,ELEMENTARY SCHOOL,2010-2011,10,2,0,0,62,94
7510,MARY BETHUNE SCHOOL,0,8,ELEMENTARY SCHOOL,2011-2012,2,0,0,3,34,94.3
7530,ROWEN SCHOOL,0,5,ELEMENTARY SCHOOL,2008-2009,7,0,0,0,22,83.2
7530,ROWEN SCHOOL,0,5,ELEMENTARY SCHOOL,2009-2010,2,0,1,0,12,83.9
7530,ROWEN SCHOOL,0,5,ELEMENTARY SCHOOL,2010-2011,3,0,0,0,15,82.8
7530,ROWEN SCHOOL,0,5,ELEMENTARY SCHOOL,2011-2012,0,0,1,0,34,85.1
7730,ROBERTO CLEMENTE MIDDLE SCHOOL,6,8,MIDDLE SCHOOL,2008-2009,17,4,1,0,164,86.2
7730,ROBERTO CLEMENTE MIDDLE SCHOOL,6,8,MIDDLE SCHOOL,2009-2010,42,2,0,0,128,93.4
7730,ROBERTO CLEMENTE MIDDLE SCHOOL,6,8,MIDDLE SCHOOL,2010-2011,26,1,0,0,116,94.5
7730,ROBERTO CLEMENTE MIDDLE SCHOOL,6,8,MIDDLE SCHOOL,2011-2012,21,3,2,1,99,94.5
8010,ABRAHAM LINCOLN HIGH,9,12,HIGH SCHOOL,2008-2009,121,15,4,1,585,61.2
8010,ABRAHAM LINCOLN HIGH,9,12,HIGH SCHOOL,2009-2010,59,9,1,3,448,61.5
8010,ABRAHAM LINCOLN HIGH,9,12,HIGH SCHOOL,2010-2011,78,6,0,4,399,73.6
8010,ABRAHAM LINCOLN HIGH,9,12,HIGH SCHOOL,2011-2012,91,33,2,20,461,74.7
8020,NORTHEAST HIGH SCHOOL,9,12,HIGH SCHOOL,2008-2009,31,9,1,3,639,50.4
8020,NORTHEAST HIGH SCHOOL,9,12,HIGH SCHOOL,2009-2010,29,14,1,1,649,50.4
8020,NORTHEAST HIGH SCHOOL,9,12,HIGH SCHOOL,2010-2011,29,12,1,1,634,58.3
8020,NORTHEAST HIGH SCHOOL,9,12,HIGH SCHOOL,2011-2012,26,22,2,17,746,60.7
8030,GEORGE WASHINGTON HIGH,9,12,HIGH SCHOOL,2008-2009,23,5,0,0,547,50.7
8030,GEORGE WASHINGTON HIGH,9,12,HIGH SCHOOL,2009-2010,26,7,2,0,545,50.6
8030,GEORGE WASHINGTON HIGH,9,12,HIGH SCHOOL,2010-2011,17,11,1,3,482,57.7
8030,GEORGE WASHINGTON HIGH,9,12,HIGH SCHOOL,2011-2012,35,17,6,13,474,58.4
8040,ARTS ACADEMY AT BENJAMIN RUSH,9,12,HIGH SCHOOL,2008-2009,2,0,0,0,9,0
8040,ARTS ACADEMY AT BENJAMIN RUSH,9,12,HIGH SCHOOL,2009-2010,1,0,0,0,11,50.9
8040,ARTS ACADEMY AT BENJAMIN RUSH,9,12,HIGH SCHOOL,2010-2011,0,1,0,0,11,51
8040,ARTS ACADEMY AT BENJAMIN RUSH,9,12,HIGH SCHOOL,2011-2012,3,2,0,1,18,50.6
8090,SWENSON ARTS/TECH HIGH SCHOOL,9,12,CAREER AND TECHNICAL HIGH SCHL,2008-2009,12,2,0,2,68,57.2
8090,SWENSON ARTS/TECH HIGH SCHOOL,9,12,CAREER AND TECHNICAL HIGH SCHL,2009-2010,9,4,0,4,91,57.5
8090,SWENSON ARTS/TECH HIGH SCHOOL,9,12,CAREER AND TECHNICAL HIGH SCHL,2010-2011,8,6,0,3,77,58.6
8090,SWENSON ARTS/TECH HIGH SCHOOL,9,12,CAREER AND TECHNICAL HIGH SCHL,2011-2012,5,3,1,13,88,60.6
8120,WOODROW WILSON MIDDLE SCHOOL,6,8,MIDDLE SCHOOL,2008-2009,14,0,0,0,203,57.1
8120,WOODROW WILSON MIDDLE SCHOOL,6,8,MIDDLE SCHOOL,2009-2010,18,2,0,0,212,57.2
8120,WOODROW WILSON MIDDLE SCHOOL,6,8,MIDDLE SCHOOL,2010-2011,13,2,2,0,160,61.8
8120,WOODROW WILSON MIDDLE SCHOOL,6,8,MIDDLE SCHOOL,2011-2012,9,1,0,1,125,73.7
8140,AUSTIN MEEHAN MIDDLE SCHOOL,7,8,MIDDLE SCHOOL,2008-2009,23,0,2,0,126,73.3
8140,AUSTIN MEEHAN MIDDLE SCHOOL,7,8,MIDDLE SCHOOL,2009-2010,28,0,1,0,145,62.1
8140,AUSTIN MEEHAN MIDDLE SCHOOL,7,8,MIDDLE SCHOOL,2010-2011,16,0,1,0,107,74.9
8140,AUSTIN MEEHAN MIDDLE SCHOOL,7,8,MIDDLE SCHOOL,2011-2012,21,2,12,4,111,75.6
8160,BALDI MIDDLE SCHOOL,6,8,MIDDLE SCHOOL,2008-2009,3,0,0,1,95,50.1
8160,BALDI MIDDLE SCHOOL,6,8,MIDDLE SCHOOL,2009-2010,3,2,0,0,87,49.7
8160,BALDI MIDDLE SCHOOL,6,8,MIDDLE SCHOOL,2010-2011,5,3,1,0,102,50.9
8160,BALDI MIDDLE SCHOOL,6,8,MIDDLE SCHOOL,2011-2012,5,1,0,3,69,57.4
8180,JOHN HANCOCK SCHOOL,0,5,ELEMENTARY SCHOOL,2008-2009,3,0,1,0,26,47.5
8180,JOHN HANCOCK SCHOOL,0,5,ELEMENTARY SCHOOL,2009-2010,5,3,0,0,20,47.8
8180,JOHN HANCOCK SCHOOL,0,5,ELEMENTARY SCHOOL,2010-2011,4,0,0,0,13,50.3
8180,JOHN HANCOCK SCHOOL,0,5,ELEMENTARY SCHOOL,2011-2012,1,0,1,0,9,57.9
8200,ETHAN ALLEN SCHOOL,0,8,ELEMENTARY SCHOOL,2008-2009,13,0,0,0,113,75.1
8200,ETHAN ALLEN SCHOOL,0,8,ELEMENTARY SCHOOL,2009-2010,18,0,1,0,133,74.8
8200,ETHAN ALLEN SCHOOL,0,8,ELEMENTARY SCHOOL,2010-2011,20,0,1,1,137,76.1
8200,ETHAN ALLEN SCHOOL,0,8,ELEMENTARY SCHOOL,2011-2012,23,2,2,3,141,84.3
8210,J. BROWN ACADEMICS PLUS SCHOOL,0,6,ELEMENTARY SCHOOL,2008-2009,9,1,3,0,42,72.5
8210,J. BROWN ACADEMICS PLUS SCHOOL,0,6,ELEMENTARY SCHOOL,2009-2010,3,0,1,0,23,74
8210,J. BROWN ACADEMICS PLUS SCHOOL,0,6,ELEMENTARY SCHOOL,2010-2011,8,0,0,0,57,76.4
8210,J. BROWN ACADEMICS PLUS SCHOOL,0,6,ELEMENTARY SCHOOL,2011-2012,1,0,2,0,40,82.9
8230,CROSSAN ACADEMICS PLUS SCHOOL,0,5,ELEMENTARY SCHOOL,2008-2009,2,1,0,0,8,57.6
8230,CROSSAN ACADEMICS PLUS SCHOOL,0,5,ELEMENTARY SCHOOL,2009-2010,0,0,0,0,7,57.1
8230,CROSSAN ACADEMICS PLUS SCHOOL,0,5,ELEMENTARY SCHOOL,2010-2011,1,0,0,0,8,73
8230,CROSSAN ACADEMICS PLUS SCHOOL,0,5,ELEMENTARY SCHOOL,2011-2012,0,0,0,0,4,74.7
8240,HAMILTON DISSTON SCHOOL,0,8,ELEMENTARY SCHOOL,2008-2009,15,1,3,0,121,83.4
8240,HAMILTON DISSTON SCHOOL,0,8,ELEMENTARY SCHOOL,2009-2010,12,2,0,1,108,76.3
8240,HAMILTON DISSTON SCHOOL,0,8,ELEMENTARY SCHOOL,2010-2011,22,1,0,0,120,84.1
8240,HAMILTON DISSTON SCHOOL,0,8,ELEMENTARY SCHOOL,2011-2012,16,2,6,0,119,85.1
8250,EDWIN FORREST SCHOOL,0,6,ELEMENTARY SCHOOL,2008-2009,2,0,0,0,40,74
8250,EDWIN FORREST SCHOOL,0,6,ELEMENTARY SCHOOL,2009-2010,10,0,1,0,42,75.4
8250,EDWIN FORREST SCHOOL,0,6,ELEMENTARY SCHOOL,2010-2011,4,0,2,0,27,76
8250,EDWIN FORREST SCHOOL,0,6,ELEMENTARY SCHOOL,2011-2012,3,0,1,0,46,83.8
8260,FOX CHASE ACADEMICS PLUS SCHL,0,5,ELEMENTARY SCHOOL,2008-2009,0,0,0,0,4,51.7
8260,FOX CHASE ACADEMICS PLUS SCHL,0,5,ELEMENTARY SCHOOL,2009-2010,0,0,1,0,5,50.9
8260,FOX CHASE ACADEMICS PLUS SCHL,0,5,ELEMENTARY SCHOOL,2010-2011,1,0,0,0,8,57.8
8260,FOX CHASE ACADEMICS PLUS SCHL,0,5,ELEMENTARY SCHOOL,2011-2012,1,0,1,0,10,57.6
8270,THOMAS HOLME SCHOOL,0,6,ELEMENTARY SCHOOL,2008-2009,13,1,0,0,66,84.1
8270,THOMAS HOLME SCHOOL,0,6,ELEMENTARY SCHOOL,2009-2010,6,0,0,0,64,82.7
8270,THOMAS HOLME SCHOOL,0,6,ELEMENTARY SCHOOL,2010-2011,7,0,0,0,57,74.7
8270,THOMAS HOLME SCHOOL,0,6,ELEMENTARY SCHOOL,2011-2012,5,0,2,0,48,73.7
8300,MAYFAIR SCHOOL,0,8,ELEMENTARY SCHOOL,2008-2009,4,0,1,1,33,57.1
8300,MAYFAIR SCHOOL,0,8,ELEMENTARY SCHOOL,2009-2010,3,0,1,1,25,58.3
8300,MAYFAIR SCHOOL,0,8,ELEMENTARY SCHOOL,2010-2011,2,0,0,0,24,60.3
8300,MAYFAIR SCHOOL,0,8,ELEMENTARY SCHOOL,2011-2012,1,1,1,1,42,62.3
8310,J. HAMPTON MOORE SCHOOL,0,5,ELEMENTARY SCHOOL,2008-2009,7,0,2,0,85,59.3
8310,J. HAMPTON MOORE SCHOOL,0,5,ELEMENTARY SCHOOL,2009-2010,6,0,0,0,73,59.3
8310,J. HAMPTON MOORE SCHOOL,0,5,ELEMENTARY SCHOOL,2010-2011,8,0,0,0,49,61.8
8310,J. HAMPTON MOORE SCHOOL,0,5,ELEMENTARY SCHOOL,2011-2012,10,0,0,0,36,73.7
8320,GEN HARRY LABRUM MIDDLE SCHOOL,6,8,MIDDLE SCHOOL,2008-2009,7,0,0,0,38,58.6
8320,GEN HARRY LABRUM MIDDLE SCHOOL,6,8,MIDDLE SCHOOL,2009-2010,3,1,0,0,28,59.7
8320,GEN HARRY LABRUM MIDDLE SCHOOL,6,8,MIDDLE SCHOOL,2010-2011,3,0,0,0,25,61.2
8320,GEN HARRY LABRUM MIDDLE SCHOOL,6,8,MIDDLE SCHOOL,2011-2012,13,0,0,4,31,61
8340,SOLIS-COHEN ACADEMICS PLUS SCH,0,6,ELEMENTARY SCHOOL,2008-2009,8,0,0,0,102,59.9
8340,SOLIS-COHEN ACADEMICS PLUS SCH,0,6,ELEMENTARY SCHOOL,2009-2010,5,0,0,0,73,60
8340,SOLIS-COHEN ACADEMICS PLUS SCH,0,6,ELEMENTARY SCHOOL,2010-2011,2,0,0,0,78,73.4
8340,SOLIS-COHEN ACADEMICS PLUS SCH,0,6,ELEMENTARY SCHOOL,2011-2012,11,1,0,1,71,75.2
8350,GILBERT SPRUANCE SCHOOL,0,8,ELEMENTARY SCHOOL,2008-2009,15,0,0,1,95,61.5
8350,GILBERT SPRUANCE SCHOOL,0,8,ELEMENTARY SCHOOL,2009-2010,18,0,1,0,88,73
8350,GILBERT SPRUANCE SCHOOL,0,8,ELEMENTARY SCHOOL,2010-2011,7,1,0,0,37,76.4
8350,GILBERT SPRUANCE SCHOOL,0,8,ELEMENTARY SCHOOL,2011-2012,7,1,1,0,74,84.3
8360,RHAWNHURST SCHOOL,0,5,ELEMENTARY SCHOOL,2008-2009,0,0,0,0,3,58.3
8360,RHAWNHURST SCHOOL,0,5,ELEMENTARY SCHOOL,2009-2010,0,0,0,0,3,59.7
8360,RHAWNHURST SCHOOL,0,5,ELEMENTARY SCHOOL,2010-2011,1,0,0,0,6,61.7
8360,RHAWNHURST SCHOOL,0,5,ELEMENTARY SCHOOL,2011-2012,0,0,0,0,4,73.9
8370,WATSON COMLY SCHOOL,0,5,ELEMENTARY SCHOOL,2008-2009,4,0,0,0,3,48.6
8370,WATSON COMLY SCHOOL,0,5,ELEMENTARY SCHOOL,2009-2010,0,0,0,1,9,46.2
8370,WATSON COMLY SCHOOL,0,5,ELEMENTARY SCHOOL,2010-2011,1,0,0,0,1,50.1
8370,WATSON COMLY SCHOOL,0,5,ELEMENTARY SCHOOL,2011-2012,0,0,0,1,8,51.7
8380,LOUIS H. FARRELL SCHOOL,0,8,ELEMENTARY SCHOOL,2008-2009,8,0,0,0,34,50.9
8380,LOUIS H. FARRELL SCHOOL,0,8,ELEMENTARY SCHOOL,2009-2010,0,1,0,0,17,50.9
8380,LOUIS H. FARRELL SCHOOL,0,8,ELEMENTARY SCHOOL,2010-2011,3,0,0,0,37,58.5
8380,LOUIS H. FARRELL SCHOOL,0,8,ELEMENTARY SCHOOL,2011-2012,1,1,2,0,24,61.2
8390,A. L. FITZPATRICK SCHOOL,0,8,ELEMENTARY SCHOOL,2008-2009,1,0,0,2,69,50.9
8390,A. L. FITZPATRICK SCHOOL,0,8,ELEMENTARY SCHOOL,2009-2010,16,1,0,0,77,50.9
8390,A. L. FITZPATRICK SCHOOL,0,8,ELEMENTARY SCHOOL,2010-2011,17,1,0,0,57,57.1
8390,A. L. FITZPATRICK SCHOOL,0,8,ELEMENTARY SCHOOL,2011-2012,20,0,0,0,68,59.5
8400,ANNE FRANK SCHOOL,0,5,ELEMENTARY SCHOOL,2008-2009,0,0,0,0,24,48.4
8400,ANNE FRANK SCHOOL,0,5,ELEMENTARY SCHOOL,2009-2010,1,0,0,0,24,47.6
8400,ANNE FRANK SCHOOL,0,5,ELEMENTARY SCHOOL,2010-2011,2,0,0,0,24,49.3
8400,ANNE FRANK SCHOOL,0,5,ELEMENTARY SCHOOL,2011-2012,0,0,0,0,26,57.1
8410,ROBERT B. POLLOCK SCHOOL,0,6,ELEMENTARY SCHOOL,2008-2009,5,1,0,0,35,50.3
8410,ROBERT B. POLLOCK SCHOOL,0,6,ELEMENTARY SCHOOL,2009-2010,3,0,0,0,5,51.5
8410,ROBERT B. POLLOCK SCHOOL,0,6,ELEMENTARY SCHOOL,2010-2011,3,0,0,0,14,59.3
8410,ROBERT B. POLLOCK SCHOOL,0,6,ELEMENTARY SCHOOL,2011-2012,1,0,2,2,38,59.9
8420,STEPHEN DECATUR SCHOOL,0,8,ELEMENTARY SCHOOL,2008-2009,9,0,0,1,49,47.5
8420,STEPHEN DECATUR SCHOOL,0,8,ELEMENTARY SCHOOL,2009-2010,2,1,0,0,56,47.2
8420,STEPHEN DECATUR SCHOOL,0,8,ELEMENTARY SCHOOL,2010-2011,3,0,0,0,53,51.2
8420,STEPHEN DECATUR SCHOOL,0,8,ELEMENTARY SCHOOL,2011-2012,5,2,0,2,43,58.9
8430,JOSEPH GREENBERG SCHOOL,0,8,ELEMENTARY SCHOOL,2008-2009,1,1,1,0,8,43.2
8430,JOSEPH GREENBERG SCHOOL,0,8,ELEMENTARY SCHOOL,2009-2010,1,0,0,0,10,43.1
8430,JOSEPH GREENBERG SCHOOL,0,8,ELEMENTARY SCHOOL,2010-2011,1,0,0,0,9,44.4
8430,JOSEPH GREENBERG SCHOOL,0,8,ELEMENTARY SCHOOL,2011-2012,2,0,1,0,7,45.4
8440,WILLIAM H. LOESCHE SCHOOL,0,5,ELEMENTARY SCHOOL,2008-2009,1,0,0,0,52,50.5
8440,WILLIAM H. LOESCHE SCHOOL,0,5,ELEMENTARY SCHOOL,2009-2010,2,0,0,0,38,49.4
8440,WILLIAM H. LOESCHE SCHOOL,0,5,ELEMENTARY SCHOOL,2010-2011,3,0,0,1,24,58.4
8440,WILLIAM H. LOESCHE SCHOOL,0,5,ELEMENTARY SCHOOL,2011-2012,6,0,0,0,30,60.6
