SCHOOL_CODE,SCHOOL_NAME_1,SCH_START_GRADE,SCH_TERM_GRADE,SCHOOL_YEAR,SCH_ATTENDANCE,SCH_ENROLLMENT,SCH_STUDENT_ENTERED,SCH_STUDENT_WITHDREW,SCH_TEACHER_ATTEND,SDP_TEACHER_ATTEND_AVG
1010,JOHN BARTRAM HIGH SCHOOL,9,12,2008-2009,80.6,1374,327,431,94,94.3
1010,JOHN BARTRAM HIGH SCHOOL,9,12,2009-2010,83.5,1305,220,292,93.5,94.3
1010,JOHN BARTRAM HIGH SCHOOL,9,12,2010-2011,82.5,1127,205,250,93.1,94.2
1010,JOHN BARTRAM HIGH SCHOOL,9,12,2011-2012,86.8,1005,74,129,95.2,93.6
1010,JOHN BARTRAM HIGH SCHOOL,9,12,2012-2013,85.6,964,59,58,,
1020,WEST PHILADELPHIA HIGH SCHOOL,9,12,2008-2009,77.9,941,236,270,93.3,94.3
1020,WEST PHILADELPHIA HIGH SCHOOL,9,12,2009-2010,82.2,872,186,223,93.1,94.3
1020,WEST PHILADELPHIA HIGH SCHOOL,9,12,2010-2011,76.1,832,190,334,93.5,94.2
1020,WEST PHILADELPHIA HIGH SCHOOL,9,12,2011-2012,82.6,795,65,48,91.1,93.6
1020,WEST PHILADELPHIA HIGH SCHOOL,9,12,2012-2013,84.3,832,53,29,,
1030,HIGH SCHOOL OF THE FUTURE,9,12,2008-2009,84.1,390,12,40,96.1,94.3
1030,HIGH SCHOOL OF THE FUTURE,9,12,2009-2010,87.7,485,9,51,94.3,94.3
1030,HIGH SCHOOL OF THE FUTURE,9,12,2010-2011,89.2,406,13,51,96.2,94.2
1030,HIGH SCHOOL OF THE FUTURE,9,12,2011-2012,93.9,406,4,21,95.2,93.6
1030,HIGH SCHOOL OF THE FUTURE,9,12,2012-2013,94.2,408,6,29,,
1050,PAUL ROBESON HIGH SCHOOL,9,12,2008-2009,89.6,292,8,15,92.3,94.3
1050,PAUL ROBESON HIGH SCHOOL,9,12,2009-2010,90.6,313,3,23,95.5,94.3
1050,PAUL ROBESON HIGH SCHOOL,9,12,2010-2011,89.5,281,10,18,92.1,94.2
1050,PAUL ROBESON HIGH SCHOOL,9,12,2011-2012,93.4,275,7,9,93.5,93.6
1050,PAUL ROBESON HIGH SCHOOL,9,12,2012-2013,94.3,267,1,2,,
1060,COMMUNICATIONS TECHNOLOGY HS,9,12,2008-2009,81.7,497,19,96,96.2,94.3
1060,COMMUNICATIONS TECHNOLOGY HS,9,12,2009-2010,85.7,460,10,71,94.7,94.3
1060,COMMUNICATIONS TECHNOLOGY HS,9,12,2010-2011,84.8,420,27,60,93.7,94.2
1060,COMMUNICATIONS TECHNOLOGY HS,9,12,2011-2012,89.8,356,0,22,93.1,93.6
1060,COMMUNICATIONS TECHNOLOGY HS,9,12,2012-2013,90.7,295,2,3,,
1080,UNIVERSITY CITY HIGH SCHOOL,9,12,2008-2009,71.9,1131,231,432,93.5,94.3
1080,UNIVERSITY CITY HIGH SCHOOL,9,12,2009-2010,78.5,813,115,188,95.7,94.3
1080,UNIVERSITY CITY HIGH SCHOOL,9,12,2010-2011,80.6,656,131,180,96.9,94.2
1080,UNIVERSITY CITY HIGH SCHOOL,9,12,2011-2012,86.4,634,48,57,94.9,93.6
1080,UNIVERSITY CITY HIGH SCHOOL,9,12,2012-2013,87.6,517,31,37,,
1100,SAYRE HIGH SCHOOL,9,12,2008-2009,77.2,637,183,163,90.7,94.3
1100,SAYRE HIGH SCHOOL,9,12,2009-2010,79.9,692,114,178,93.5,94.3
1100,SAYRE HIGH SCHOOL,9,12,2010-2011,76.2,615,127,138,90.2,94.2
1100,SAYRE HIGH SCHOOL,9,12,2011-2012,85.8,596,42,47,93.3,93.6
1100,SAYRE HIGH SCHOOL,9,12,2012-2013,83.5,513,29,25,,
1110,SHAW MIDDLE SCHOOL,7,8,2008-2009,92.3,296,45,53,96.5,94.3
1110,SHAW MIDDLE SCHOOL,7,8,2009-2010,93.5,244,45,29,97.4,94.3
1110,SHAW MIDDLE SCHOOL,7,8,2010-2011,94,237,46,46,97.3,94.2
1110,SHAW MIDDLE SCHOOL,7,8,2011-2012,93.7,233,14,7,96.1,93.6
1110,SHAW MIDDLE SCHOOL,7,8,2012-2013,94.2,191,10,8,,
1130,TILDEN MIDDLE SCHOOL,6,8,2008-2009,91,445,63,100,89.1,94.3
1130,TILDEN MIDDLE SCHOOL,6,8,2009-2010,90.6,420,40,63,93,94.3
1130,TILDEN MIDDLE SCHOOL,6,8,2010-2011,89.6,405,63,55,93.6,94.2
1130,TILDEN MIDDLE SCHOOL,6,8,2011-2012,90.4,335,21,11,95,93.6
1130,TILDEN MIDDLE SCHOOL,6,8,2012-2013,97.5,375,23,11,,
1150,GEORGE PEPPER MIDDLE SCHOOL,5,8,2008-2009,90.7,703,111,172,95.2,94.3
1150,GEORGE PEPPER MIDDLE SCHOOL,5,8,2009-2010,91.1,659,99,135,96,94.3
1150,GEORGE PEPPER MIDDLE SCHOOL,5,8,2010-2011,91,565,110,119,94.5,94.2
1150,GEORGE PEPPER MIDDLE SCHOOL,5,8,2011-2012,91.8,474,28,21,94,93.6
1150,GEORGE PEPPER MIDDLE SCHOOL,5,8,2012-2013,93.9,416,14,28,,
1190,MOTIVATION HIGH SCHOOL,9,12,2008-2009,94.1,217,9,13,98.7,94.3
1190,MOTIVATION HIGH SCHOOL,9,12,2009-2010,95.2,222,1,6,90.7,94.3
1190,MOTIVATION HIGH SCHOOL,9,12,2010-2011,95,206,11,13,97.1,94.2
1190,MOTIVATION HIGH SCHOOL,9,12,2011-2012,97.6,217,2,6,96.3,93.6
1190,MOTIVATION HIGH SCHOOL,9,12,2012-2013,97.4,244,1,5,,
1200,JOHN BARRY ELEMENTARY SCHOOL,0,8,2008-2009,89.1,645,218,155,93.7,94.3
1200,JOHN BARRY ELEMENTARY SCHOOL,0,8,2009-2010,90,758,143,115,92.1,94.3
1200,JOHN BARRY ELEMENTARY SCHOOL,0,8,2010-2011,91.1,756,121,143,92.7,94.2
1200,JOHN BARRY ELEMENTARY SCHOOL,0,8,2011-2012,93.1,835,64,27,92,93.6
1200,JOHN BARRY ELEMENTARY SCHOOL,0,8,2012-2013,95,828,177,24,,
1230,BRYANT ACADEMICS PLUS SCHOOL,0,8,2008-2009,90.3,520,98,109,95,94.3
1230,BRYANT ACADEMICS PLUS SCHOOL,0,8,2009-2010,91.8,528,73,82,88,94.3
1230,BRYANT ACADEMICS PLUS SCHOOL,0,8,2010-2011,91.6,476,94,97,88.3,94.2
1230,BRYANT ACADEMICS PLUS SCHOOL,0,8,2011-2012,91.7,522,22,29,94.3,93.6
1230,BRYANT ACADEMICS PLUS SCHOOL,0,8,2012-2013,90.2,495,106,60,,
1250,J. W. CATHARINE SCHOOL,0,5,2008-2009,91.8,620,80,114,96.8,94.3
1250,J. W. CATHARINE SCHOOL,0,5,2009-2010,93.2,604,81,66,93,94.3
1250,J. W. CATHARINE SCHOOL,0,5,2010-2011,92.5,583,76,87,95.2,94.2
1250,J. W. CATHARINE SCHOOL,0,5,2011-2012,95.7,582,24,6,94.6,93.6
1250,J. W. CATHARINE SCHOOL,0,5,2012-2013,96,587,150,24,,
1260,B. B. COMEGYS SCHOOL,0,6,2008-2009,92.5,548,105,89,91.1,94.3
1260,B. B. COMEGYS SCHOOL,0,6,2009-2010,92.4,590,120,92,94.2,94.3
1260,B. B. COMEGYS SCHOOL,0,6,2010-2011,90.9,485,109,87,92.8,94.2
1260,B. B. COMEGYS SCHOOL,0,6,2011-2012,92.9,418,30,21,90,93.6
1260,B. B. COMEGYS SCHOOL,0,6,2012-2013,93.9,443,95,23,,
1280,PENN ALEXANDER SCHOOL,0,8,2008-2009,95.6,527,27,44,97,94.3
1280,PENN ALEXANDER SCHOOL,0,8,2009-2010,96.3,544,19,10,97.9,94.3
1280,PENN ALEXANDER SCHOOL,0,8,2010-2011,96.3,589,19,48,97,94.2
1280,PENN ALEXANDER SCHOOL,0,8,2011-2012,98.2,553,1,6,97.7,93.6
1280,PENN ALEXANDER SCHOOL,0,8,2012-2013,98.1,553,82,3,,
1290,ANDREW HAMILTON SCHOOL,0,8,2008-2009,92.3,688,57,74,95,94.3
1290,ANDREW HAMILTON SCHOOL,0,8,2009-2010,93.5,641,55,67,96.2,94.3
1290,ANDREW HAMILTON SCHOOL,0,8,2010-2011,92.8,601,110,74,96.4,94.2
1290,ANDREW HAMILTON SCHOOL,0,8,2011-2012,95.4,627,44,14,92.6,93.6
1290,ANDREW HAMILTON SCHOOL,0,8,2012-2013,95.1,569,63,15,,
1300,A. D. HARRINGTON SCHOOL,0,6,2008-2009,92.8,455,58,71,97.4,94.3
1300,A. D. HARRINGTON SCHOOL,0,6,2009-2010,93.9,449,59,35,94.1,94.3
1300,A. D. HARRINGTON SCHOOL,0,6,2010-2011,93.2,446,93,47,94.6,94.2
1300,A. D. HARRINGTON SCHOOL,0,6,2011-2012,95.7,516,45,17,95.9,93.6
1300,A. D. HARRINGTON SCHOOL,0,6,2012-2013,96.2,490,105,36,,
1330,SAMUEL B HUEY SCHOOL,0,8,2008-2009,92.6,744,142,109,93,94.3
1330,SAMUEL B HUEY SCHOOL,0,8,2009-2010,92.7,759,122,98,94.9,94.3
1330,SAMUEL B HUEY SCHOOL,0,8,2010-2011,91.7,805,121,148,93.8,94.2
1330,SAMUEL B HUEY SCHOOL,0,8,2011-2012,91.5,760,41,32,94.1,93.6
1330,SAMUEL B HUEY SCHOOL,0,8,2012-2013,87.5,690,117,19,,
1340,HENRY C. LEA SCHOOL,0,8,2008-2009,92.4,431,51,53,95.7,94.3
1340,HENRY C. LEA SCHOOL,0,8,2009-2010,92.5,438,38,38,96.1,94.3
1340,HENRY C. LEA SCHOOL,0,8,2010-2011,92.1,396,62,58,95.6,94.2
1340,HENRY C. LEA SCHOOL,0,8,2011-2012,95.2,355,23,12,93.4,93.6
1340,HENRY C. LEA SCHOOL,0,8,2012-2013,96.1,400,80,7,,
1350,W C LONGSTRETH SCHOOL,0,8,2008-2009,91.3,572,93,106,92.6,94.3
1350,W C LONGSTRETH SCHOOL,0,8,2009-2010,91.8,522,87,71,93.4,94.3
1350,W C LONGSTRETH SCHOOL,0,8,2010-2011,92.5,518,66,66,94.2,94.2
1350,W C LONGSTRETH SCHOOL,0,8,2011-2012,93.7,503,21,27,91.7,93.6
1350,W C LONGSTRETH SCHOOL,0,8,2012-2013,91.4,480,109,49,,
1360,MORTON MCMICHAEL SCHOOL,0,8,2008-2009,88.6,290,58,63,93,94.3
1360,MORTON MCMICHAEL SCHOOL,0,8,2009-2010,89.8,289,63,45,95.2,94.3
1360,MORTON MCMICHAEL SCHOOL,0,8,2010-2011,89.8,338,55,61,95.1,94.2
1360,MORTON MCMICHAEL SCHOOL,0,8,2011-2012,92.8,368,18,25,94.8,93.6
1360,MORTON MCMICHAEL SCHOOL,0,8,2012-2013,90.8,377,76,38,,
1370,S. WEIR MITCHELL,0,5,2008-2009,92,553,112,101,96.9,94.3
1370,S. WEIR MITCHELL,0,5,2009-2010,92.3,530,74,74,96.7,94.3
1370,S. WEIR MITCHELL,0,5,2010-2011,91.3,527,102,90,96.8,94.2
1370,S. WEIR MITCHELL,0,5,2011-2012,94.2,528,37,21,94.5,93.6
1370,S. WEIR MITCHELL,0,5,2012-2013,94,540,135,22,,
1380,THOMAS G MORTON SCHOOL,0,5,2008-2009,91.9,798,130,129,94.4,94.3
1380,THOMAS G MORTON SCHOOL,0,5,2009-2010,93.1,783,90,106,94.6,94.3
1380,THOMAS G MORTON SCHOOL,0,5,2010-2011,92.6,772,109,143,93.3,94.2
1380,THOMAS G MORTON SCHOOL,0,5,2011-2012,94.8,782,40,36,93.1,93.6
1380,THOMAS G MORTON SCHOOL,0,5,2012-2013,93.5,811,192,62,,
1390,SAMUEL POWEL SCHOOL,0,4,2008-2009,94.5,234,8,17,95.2,94.3
1390,SAMUEL POWEL SCHOOL,0,4,2009-2010,95.5,241,11,12,94.4,94.3
1390,SAMUEL POWEL SCHOOL,0,4,2010-2011,95,236,13,14,93.8,94.2
1390,SAMUEL POWEL SCHOOL,0,4,2011-2012,95.3,223,5,17,94.5,93.6
1390,SAMUEL POWEL SCHOOL,0,4,2012-2013,96,259,62,11,,
1400,JOHN M PATTERSON SCHOOL,0,4,2008-2009,92.7,684,107,106,92.7,94.3
1400,JOHN M PATTERSON SCHOOL,0,4,2009-2010,93.2,730,115,92,92.5,94.3
1400,JOHN M PATTERSON SCHOOL,0,4,2010-2011,92.6,682,108,110,93.8,94.2
1400,JOHN M PATTERSON SCHOOL,0,4,2011-2012,94.6,683,28,23,93.2,93.6
1400,JOHN M PATTERSON SCHOOL,0,4,2012-2013,95.7,635,194,35,,
1410,JAMES RHOADS SCHOOL,0,8,2008-2009,90.3,541,77,93,92,94.3
1410,JAMES RHOADS SCHOOL,0,8,2009-2010,91.7,602,108,112,95.1,94.3
1410,JAMES RHOADS SCHOOL,0,8,2010-2011,90.5,615,125,130,95.1,94.2
1410,JAMES RHOADS SCHOOL,0,8,2011-2012,91.8,591,46,30,94.1,93.6
1410,JAMES RHOADS SCHOOL,0,8,2012-2013,92.8,588,93,15,,
1420,M. WASHINGTON ACADEMICS PLUS,0,8,2008-2009,92.3,363,34,32,96.7,94.3
1420,M. WASHINGTON ACADEMICS PLUS,0,8,2009-2010,93.7,352,33,32,94.4,94.3
1420,M. WASHINGTON ACADEMICS PLUS,0,8,2010-2011,93.6,375,50,33,96.7,94.2
1420,M. WASHINGTON ACADEMICS PLUS,0,8,2011-2012,94.2,380,16,16,96.2,93.6
1420,M. WASHINGTON ACADEMICS PLUS,0,8,2012-2013,94.4,389,56,12,,
1430,ALEXANDER WILSON SCHOOL,0,6,2008-2009,92.2,268,28,40,88.3,94.3
1430,ALEXANDER WILSON SCHOOL,0,6,2009-2010,92.7,248,25,27,89.9,94.3
1430,ALEXANDER WILSON SCHOOL,0,6,2010-2011,93.6,231,18,20,88.5,94.2
1430,ALEXANDER WILSON SCHOOL,0,6,2011-2012,95.2,261,18,7,89.5,93.6
1430,ALEXANDER WILSON SCHOOL,0,6,2012-2013,95.4,225,50,9,,
1440,PENROSE SCHOOL,0,8,2008-2009,92,688,84,91,95.3,94.3
1440,PENROSE SCHOOL,0,8,2009-2010,93.7,623,56,68,91.9,94.3
1440,PENROSE SCHOOL,0,8,2010-2011,93.3,620,55,100,92.4,94.2
1440,PENROSE SCHOOL,0,8,2011-2012,95.3,604,25,16,92.1,93.6
1440,PENROSE SCHOOL,0,8,2012-2013,95.1,651,117,30,,
1460,ADD B ANDERSON SCHOOL,0,8,2008-2009,91.7,424,70,55,96,94.3
1460,ADD B ANDERSON SCHOOL,0,8,2009-2010,91.7,534,68,72,95.6,94.3
1460,ADD B ANDERSON SCHOOL,0,8,2010-2011,90.3,506,146,103,94.9,94.2
1460,ADD B ANDERSON SCHOOL,0,8,2011-2012,92.1,561,35,54,95.3,93.6
1460,ADD B ANDERSON SCHOOL,0,8,2012-2013,94.5,597,117,32,,
1470,ALAIN LOCKE SCHOOL,0,8,2008-2009,91.2,428,136,109,95.2,94.3
1470,ALAIN LOCKE SCHOOL,0,8,2009-2010,92.4,443,103,69,91.3,94.3
1470,ALAIN LOCKE SCHOOL,0,8,2010-2011,91.9,419,119,89,97.4,94.2
1470,ALAIN LOCKE SCHOOL,0,8,2011-2012,94.5,437,29,27,93.3,93.6
1470,ALAIN LOCKE SCHOOL,0,8,2012-2013,89.6,516,85,36,,
1490,BLANKENBURG SCHOOL,0,8,2008-2009,92.3,383,91,57,95.9,94.3
1490,BLANKENBURG SCHOOL,0,8,2009-2010,93.4,401,49,46,89.2,94.3
1490,BLANKENBURG SCHOOL,0,8,2010-2011,91.8,358,131,62,96.3,94.2
1490,BLANKENBURG SCHOOL,0,8,2011-2012,94,416,27,23,91.7,93.6
1490,BLANKENBURG SCHOOL,0,8,2012-2013,93.1,431,74,10,,
1530,JOSEPH LEIDY SCHOOL,0,8,2008-2009,91.8,288,55,43,94.4,94.3
1530,JOSEPH LEIDY SCHOOL,0,8,2009-2010,93.8,300,47,38,94.8,94.3
1530,JOSEPH LEIDY SCHOOL,0,8,2010-2011,92,310,65,56,90,94.2
1530,JOSEPH LEIDY SCHOOL,0,8,2011-2012,93.9,298,39,29,92.8,93.6
1530,JOSEPH LEIDY SCHOOL,0,8,2012-2013,94.5,312,56,17,,
1580,MIDDLE YEARS ALTERNATIVE-MYA,5,8,2008-2009,95.3,280,6,9,91.1,94.3
1580,MIDDLE YEARS ALTERNATIVE-MYA,5,8,2009-2010,95.4,280,2,6,87.6,94.3
1580,MIDDLE YEARS ALTERNATIVE-MYA,5,8,2010-2011,94.4,246,4,7,95.4,94.2
1580,MIDDLE YEARS ALTERNATIVE-MYA,5,8,2011-2012,96.4,257,4,2,95.6,93.6
1580,MIDDLE YEARS ALTERNATIVE-MYA,5,8,2012-2013,96.4,322,5,23,,
2000,SOUTH PHILADELPHIA H.S.,9,12,2008-2009,75.3,1237,314,535,96.2,94.3
2000,SOUTH PHILADELPHIA H.S.,9,12,2009-2010,78.9,965,200,318,95.1,94.3
2000,SOUTH PHILADELPHIA H.S.,9,12,2010-2011,77.8,843,238,309,95.3,94.2
2000,SOUTH PHILADELPHIA H.S.,9,12,2011-2012,83.6,701,47,75,94.2,93.6
2000,SOUTH PHILADELPHIA H.S.,9,12,2012-2013,85.7,627,37,35,,
2010,BENJAMIN FRANKLIN HIGH SCHOOL,9,12,2008-2009,82.1,647,91,145,94.2,94.3
2010,BENJAMIN FRANKLIN HIGH SCHOOL,9,12,2009-2010,86,682,108,139,95.4,94.3
2010,BENJAMIN FRANKLIN HIGH SCHOOL,9,12,2010-2011,82.9,642,124,198,94.4,94.2
2010,BENJAMIN FRANKLIN HIGH SCHOOL,9,12,2011-2012,86,605,38,46,93.5,93.6
2010,BENJAMIN FRANKLIN HIGH SCHOOL,9,12,2012-2013,88.3,574,47,56,,
2020,CREATIVE AND PERFORMING ARTS,9,12,2008-2009,93.2,664,3,21,93.5,94.3
2020,CREATIVE AND PERFORMING ARTS,9,12,2009-2010,94.2,665,3,11,95.6,94.3
2020,CREATIVE AND PERFORMING ARTS,9,12,2010-2011,93.5,683,5,22,94.1,94.2
2020,CREATIVE AND PERFORMING ARTS,9,12,2011-2012,96,694,0,3,95.8,93.6
2020,CREATIVE AND PERFORMING ARTS,9,12,2012-2013,96.5,716,1,5,,
2090,EDWARD BOK HIGH SCHOOL,9,12,2008-2009,85.4,1026,13,153,92.6,94.3
2090,EDWARD BOK HIGH SCHOOL,9,12,2009-2010,87.8,945,23,119,92.2,94.3
2090,EDWARD BOK HIGH SCHOOL,9,12,2010-2011,85.6,1010,7,132,92.8,94.2
2090,EDWARD BOK HIGH SCHOOL,9,12,2011-2012,88.2,914,5,43,90.2,93.6
2090,EDWARD BOK HIGH SCHOOL,9,12,2012-2013,84.2,904,3,42,,
2130,VAUX HIGH SCHOOL,9,12,2008-2009,71.9,455,66,129,96.2,94.3
2130,VAUX HIGH SCHOOL,9,12,2009-2010,76.7,399,67,111,95.1,94.3
2130,VAUX HIGH SCHOOL,9,12,2010-2011,82.1,339,104,101,94.2,94.2
2130,VAUX HIGH SCHOOL,9,12,2011-2012,85.9,324,18,18,90.9,93.6
2130,VAUX HIGH SCHOOL,9,12,2012-2013,84.8,278,25,10,,
2140,MASTERMAN HIGH SCHOOL,5,12,2008-2009,96.7,1212,1,7,96.9,94.3
2140,MASTERMAN HIGH SCHOOL,5,12,2009-2010,96.9,1207,0,10,96.3,94.3
2140,MASTERMAN HIGH SCHOOL,5,12,2010-2011,96.9,1184,6,10,95.6,94.2
2140,MASTERMAN HIGH SCHOOL,5,12,2011-2012,98.5,1170,1,1,96.5,93.6
2140,MASTERMAN HIGH SCHOOL,5,12,2012-2013,98.4,1175,4,1,,
2160,FURNESS HIGH SCHOOL,9,12,2008-2009,80,741,151,212,89.4,94.3
2160,FURNESS HIGH SCHOOL,9,12,2009-2010,84.6,673,121,163,96.9,94.3
2160,FURNESS HIGH SCHOOL,9,12,2010-2011,85.8,575,114,91,96.1,94.2
2160,FURNESS HIGH SCHOOL,9,12,2011-2012,90,583,34,29,94.7,93.6
2160,FURNESS HIGH SCHOOL,9,12,2012-2013,91.5,552,21,13,,
2190,D. NEWLIN FELL SCHOOL,0,8,2008-2009,93.4,502,50,55,94.1,94.3
2190,D. NEWLIN FELL SCHOOL,0,8,2009-2010,94.6,485,49,27,95.4,94.3
2190,D. NEWLIN FELL SCHOOL,0,8,2010-2011,93.8,499,56,47,94.1,94.2
2190,D. NEWLIN FELL SCHOOL,0,8,2011-2012,95.7,512,15,12,92.5,93.6
2190,D. NEWLIN FELL SCHOOL,0,8,2012-2013,95.9,565,69,17,,
2200,JAMES ALCORN SCHOOL,0,8,2008-2009,90,559,121,100,88.5,94.3
2200,JAMES ALCORN SCHOOL,0,8,2009-2010,92,522,111,97,92.7,94.3
2200,JAMES ALCORN SCHOOL,0,8,2010-2011,91.2,548,116,84,92.6,94.2
2200,JAMES ALCORN SCHOOL,0,8,2011-2012,93.3,589,45,24,91.2,93.6
2200,JAMES ALCORN SCHOOL,0,8,2012-2013,93.5,503,83,21,,
2210,BACHE-MARTIN SCHOOL,0,8,2008-2009,92.5,416,27,31,92.6,94.3
2210,BACHE-MARTIN SCHOOL,0,8,2009-2010,93.7,395,27,36,95.5,94.3
2210,BACHE-MARTIN SCHOOL,0,8,2010-2011,93.6,375,26,37,95.4,94.2
2210,BACHE-MARTIN SCHOOL,0,8,2011-2012,96.3,370,15,13,93.4,93.6
2210,BACHE-MARTIN SCHOOL,0,8,2012-2013,96.1,387,78,14,,
2240,AMEDEE F BREGY SCHOOL,0,8,2008-2009,91.6,393,56,48,93.5,94.3
2240,AMEDEE F BREGY SCHOOL,0,8,2009-2010,92.6,387,42,60,90.2,94.3
2240,AMEDEE F BREGY SCHOOL,0,8,2010-2011,92.4,393,32,52,94.9,94.2
2240,AMEDEE F BREGY SCHOOL,0,8,2011-2012,95.1,383,7,4,93.2,93.6
2240,AMEDEE F BREGY SCHOOL,0,8,2012-2013,95.2,401,60,6,,
2260,GEORGE W CHILDS SCHOOL,0,8,2008-2009,92.4,571,45,41,96.4,94.3
2260,GEORGE W CHILDS SCHOOL,0,8,2009-2010,93.8,607,51,49,96.7,94.3
2260,GEORGE W CHILDS SCHOOL,0,8,2010-2011,93.3,553,55,67,95.3,94.2
2260,GEORGE W CHILDS SCHOOL,0,8,2011-2012,95.2,601,22,14,94.6,93.6
2260,GEORGE W CHILDS SCHOOL,0,8,2012-2013,95.2,577,100,26,,
2290,FRANKLIN LEARNING CENTER,9,12,2008-2009,89.7,664,4,33,96.1,94.3
2290,FRANKLIN LEARNING CENTER,9,12,2009-2010,91.2,658,4,37,94.9,94.3
2290,FRANKLIN LEARNING CENTER,9,12,2010-2011,89.3,676,6,21,95.4,94.2
2290,FRANKLIN LEARNING CENTER,9,12,2011-2012,93.8,744,0,13,93.2,93.6
2290,FRANKLIN LEARNING CENTER,9,12,2012-2013,93.3,779,3,17,,
2320,STEPHEN GIRARD SCHOOL,0,4,2008-2009,91.5,585,78,67,93.2,94.3
2320,STEPHEN GIRARD SCHOOL,0,4,2009-2010,92.7,608,47,55,92.3,94.3
2320,STEPHEN GIRARD SCHOOL,0,4,2010-2011,93.2,605,81,102,96,94.2
2320,STEPHEN GIRARD SCHOOL,0,4,2011-2012,95.5,570,19,10,95.4,93.6
2320,STEPHEN GIRARD SCHOOL,0,4,2012-2013,95.6,599,141,15,,
2340,MC CALL SCHOOL,0,8,2008-2009,96.3,464,52,58,95,94.3
2340,MC CALL SCHOOL,0,8,2009-2010,96.8,492,76,37,97,94.3
2340,MC CALL SCHOOL,0,8,2010-2011,96.7,571,59,53,96.2,94.2
2340,MC CALL SCHOOL,0,8,2011-2012,97.6,615,18,11,94.7,93.6
2340,MC CALL SCHOOL,0,8,2012-2013,98.1,642,114,22,,
2370,DELAPLAINE MCDANIEL SCHOOL,0,8,2008-2009,90.9,557,110,72,94.7,94.3
2370,DELAPLAINE MCDANIEL SCHOOL,0,8,2009-2010,91.9,727,101,71,94,94.3
2370,DELAPLAINE MCDANIEL SCHOOL,0,8,2010-2011,90.4,836,111,143,91.4,94.2
2370,DELAPLAINE MCDANIEL SCHOOL,0,8,2011-2012,93.4,914,48,34,90.8,93.6
2370,DELAPLAINE MCDANIEL SCHOOL,0,8,2012-2013,94.7,831,144,38,,
2380,MEREDITH SCHOOL,0,8,2008-2009,95.3,449,14,11,95.5,94.3
2380,MEREDITH SCHOOL,0,8,2009-2010,95.8,473,5,12,95.6,94.3
2380,MEREDITH SCHOOL,0,8,2010-2011,96,492,13,15,96.1,94.2
2380,MEREDITH SCHOOL,0,8,2011-2012,97.1,509,2,7,96.2,93.6
2380,MEREDITH SCHOOL,0,8,2012-2013,97.5,524,70,10,,
2390,ROBERT MORRIS SCHOOL,0,8,2008-2009,92.1,369,68,92,96.9,94.3
2390,ROBERT MORRIS SCHOOL,0,8,2009-2010,93.4,353,50,50,96,94.3
2390,ROBERT MORRIS SCHOOL,0,8,2010-2011,90.7,340,88,79,96.7,94.2
2390,ROBERT MORRIS SCHOOL,0,8,2011-2012,93.7,369,40,34,92.3,93.6
2390,ROBERT MORRIS SCHOOL,0,8,2012-2013,95,325,75,19,,
2410,GIRARD ACADEMIC MUSIC PROGRAM,5,12,2008-2009,95.9,489,3,7,92.4,94.3
2410,GIRARD ACADEMIC MUSIC PROGRAM,5,12,2009-2010,96.4,488,9,10,96.8,94.3
2410,GIRARD ACADEMIC MUSIC PROGRAM,5,12,2010-2011,95.8,497,0,7,95.9,94.2
2410,GIRARD ACADEMIC MUSIC PROGRAM,5,12,2011-2012,97.9,501,2,2,96.9,93.6
2410,GIRARD ACADEMIC MUSIC PROGRAM,5,12,2012-2013,97.8,520,1,6,,
2420,GEN. JOHN F. REYNOLDS SCHOOL,0,8,2008-2009,92.2,417,61,87,95.8,94.3
2420,GEN. JOHN F. REYNOLDS SCHOOL,0,8,2009-2010,93.8,417,50,74,93.8,94.3
2420,GEN. JOHN F. REYNOLDS SCHOOL,0,8,2010-2011,92.5,368,47,77,93.3,94.2
2420,GEN. JOHN F. REYNOLDS SCHOOL,0,8,2011-2012,94.3,347,21,9,93,93.6
2420,GEN. JOHN F. REYNOLDS SCHOOL,0,8,2012-2013,94,367,80,12,,
2440,SMITH ACADEMICS PLUS SCHOOL,0,8,2008-2009,91,438,60,85,91.8,94.3
2440,SMITH ACADEMICS PLUS SCHOOL,0,8,2009-2010,91.1,377,74,53,93.4,94.3
2440,SMITH ACADEMICS PLUS SCHOOL,0,8,2010-2011,90.1,421,78,62,93.3,94.2
2440,SMITH ACADEMICS PLUS SCHOOL,0,8,2011-2012,91.7,420,35,17,91.8,93.6
2440,SMITH ACADEMICS PLUS SCHOOL,0,8,2012-2013,91.6,402,80,24,,
2450,EDWIN M. STANTON SCHOOL,0,8,2008-2009,92.1,225,15,21,95.5,94.3
2450,EDWIN M. STANTON SCHOOL,0,8,2009-2010,92.5,212,24,18,95.5,94.3
2450,EDWIN M. STANTON SCHOOL,0,8,2010-2011,92.3,226,24,20,94.6,94.2
2450,EDWIN M. STANTON SCHOOL,0,8,2011-2012,95.5,233,4,3,91.5,93.6
2450,EDWIN M. STANTON SCHOOL,0,8,2012-2013,96.4,255,39,3,,
2470,ALBERT M. GREENFIELD SCHOOL,0,8,2008-2009,94.3,475,14,16,93.7,94.3
2470,ALBERT M. GREENFIELD SCHOOL,0,8,2009-2010,95,500,23,26,95.2,94.3
2470,ALBERT M. GREENFIELD SCHOOL,0,8,2010-2011,94.7,506,20,17,94.1,94.2
2470,ALBERT M. GREENFIELD SCHOOL,0,8,2011-2012,96.4,520,3,4,88.9,93.6
2470,ALBERT M. GREENFIELD SCHOOL,0,8,2012-2013,97.3,579,87,9,,
2480,CHESTER A. ARTHUR SCHOOL,0,8,2008-2009,90.9,219,35,21,93.7,94.3
2480,CHESTER A. ARTHUR SCHOOL,0,8,2009-2010,93.8,203,25,22,90.4,94.3
2480,CHESTER A. ARTHUR SCHOOL,0,8,2010-2011,93.3,199,29,26,88,94.2
2480,CHESTER A. ARTHUR SCHOOL,0,8,2011-2012,94.5,194,12,14,93.5,93.6
2480,CHESTER A. ARTHUR SCHOOL,0,8,2012-2013,95.6,214,42,9,,
2490,LAURA W. WARING SCHOOL,0,8,2008-2009,92.2,210,39,24,93.5,94.3
2490,LAURA W. WARING SCHOOL,0,8,2009-2010,94,239,28,32,96.6,94.3
2490,LAURA W. WARING SCHOOL,0,8,2010-2011,93.6,262,32,41,95.1,94.2
2490,LAURA W. WARING SCHOOL,0,8,2011-2012,95.2,263,12,10,96.8,93.6
2490,LAURA W. WARING SCHOOL,0,8,2012-2013,95.1,306,61,12,,
2510,ANDREW JACKSON SCHOOL,0,8,2008-2009,93.2,326,30,46,93.7,94.3
2510,ANDREW JACKSON SCHOOL,0,8,2009-2010,94.5,308,17,30,92.3,94.3
2510,ANDREW JACKSON SCHOOL,0,8,2010-2011,94.6,340,28,24,96.9,94.2
2510,ANDREW JACKSON SCHOOL,0,8,2011-2012,95.9,398,16,16,97.4,93.6
2510,ANDREW JACKSON SCHOOL,0,8,2012-2013,96.9,406,76,11,,
2520,A.S. JENKS ACADEMICS PLUS SCH,0,4,2008-2009,94.1,358,9,11,97.6,94.3
2520,A.S. JENKS ACADEMICS PLUS SCH,0,4,2009-2010,94.3,355,2,9,97.2,94.3
2520,A.S. JENKS ACADEMICS PLUS SCH,0,4,2010-2011,94.5,357,15,12,97.3,94.2
2520,A.S. JENKS ACADEMICS PLUS SCH,0,4,2011-2012,96.5,359,0,2,96.6,93.6
2520,A.S. JENKS ACADEMICS PLUS SCH,0,4,2012-2013,96.7,332,105,12,,
2540,FRANCIS SCOTT KEY SCHOOL,0,6,2008-2009,93.8,414,33,42,95.3,94.3
2540,FRANCIS SCOTT KEY SCHOOL,0,6,2009-2010,94.4,424,34,46,94.8,94.3
2540,FRANCIS SCOTT KEY SCHOOL,0,6,2010-2011,94.3,439,46,36,96.5,94.2
2540,FRANCIS SCOTT KEY SCHOOL,0,6,2011-2012,96.3,490,11,6,94.9,93.6
2540,FRANCIS SCOTT KEY SCHOOL,0,6,2012-2013,97,527,101,16,,
2580,ELIZA B. KIRKBRIDE SCHOOL,0,8,2008-2009,94.2,363,35,19,98.1,94.3
2580,ELIZA B. KIRKBRIDE SCHOOL,0,8,2009-2010,95.1,413,35,25,96.2,94.3
2580,ELIZA B. KIRKBRIDE SCHOOL,0,8,2010-2011,94.4,466,47,31,96.6,94.2
2580,ELIZA B. KIRKBRIDE SCHOOL,0,8,2011-2012,96.4,499,5,11,97.3,93.6
2580,ELIZA B. KIRKBRIDE SCHOOL,0,8,2012-2013,96.6,521,84,15,,
2590,GEORGE W. NEBINGER SCHOOL,0,8,2008-2009,93.2,234,17,12,96.8,94.3
2590,GEORGE W. NEBINGER SCHOOL,0,8,2009-2010,93.6,243,23,16,95.2,94.3
2590,GEORGE W. NEBINGER SCHOOL,0,8,2010-2011,94,258,16,19,95.5,94.2
2590,GEORGE W. NEBINGER SCHOOL,0,8,2011-2012,95.1,248,1,5,92.1,93.6
2590,GEORGE W. NEBINGER SCHOOL,0,8,2012-2013,94.9,267,40,12,,
2620,ACADEMY AT PALUMBO,9,12,2008-2009,94.9,351,11,11,97.2,94.3
2620,ACADEMY AT PALUMBO,9,12,2009-2010,95.1,495,12,7,97.7,94.3
2620,ACADEMY AT PALUMBO,9,12,2010-2011,94.6,564,9,21,94.2,94.2
2620,ACADEMY AT PALUMBO,9,12,2011-2012,96.9,644,11,8,96.5,93.6
2620,ACADEMY AT PALUMBO,9,12,2012-2013,97.1,718,3,3,,
2630,GEORGE SHARSWOOD SCHOOL,0,8,2008-2009,93.1,455,53,18,93.9,94.3
2630,GEORGE SHARSWOOD SCHOOL,0,8,2009-2010,93.7,516,32,27,96.7,94.3
2630,GEORGE SHARSWOOD SCHOOL,0,8,2010-2011,93.1,528,50,35,94.2,94.2
2630,GEORGE SHARSWOOD SCHOOL,0,8,2011-2012,95.5,537,14,11,93.3,93.6
2630,GEORGE SHARSWOOD SCHOOL,0,8,2012-2013,95.8,561,79,21,,
2640,SOUTHWARK SCHOOL,0,8,2008-2009,95.2,464,63,47,94.6,94.3
2640,SOUTHWARK SCHOOL,0,8,2009-2010,95.8,474,50,36,94.7,94.3
2640,SOUTHWARK SCHOOL,0,8,2010-2011,95,509,75,55,96.2,94.2
2640,SOUTHWARK SCHOOL,0,8,2011-2012,96.6,498,10,6,96.5,93.6
2640,SOUTHWARK SCHOOL,0,8,2012-2013,96.9,545,114,14,,
2650,SCIENCE LEADERSHIP ACADEMY,9,12,2008-2009,93.3,369,5,8,92.8,94.3
2650,SCIENCE LEADERSHIP ACADEMY,9,12,2009-2010,94.2,488,2,11,97.9,94.3
2650,SCIENCE LEADERSHIP ACADEMY,9,12,2010-2011,93.9,482,3,6,97.3,94.2
2650,SCIENCE LEADERSHIP ACADEMY,9,12,2011-2012,96.1,484,2,2,96.2,93.6
2650,SCIENCE LEADERSHIP ACADEMY,9,12,2012-2013,96.7,488,2,0,,
2670,CONSTITUTION HIGH SCHOOL,9,12,2008-2009,90.5,294,4,8,96.5,94.3
2670,CONSTITUTION HIGH SCHOOL,9,12,2009-2010,91,388,2,16,97.3,94.3
2670,CONSTITUTION HIGH SCHOOL,9,12,2010-2011,90,382,1,9,96.5,94.2
2670,CONSTITUTION HIGH SCHOOL,9,12,2011-2012,94.1,371,2,4,96.9,93.6
2670,CONSTITUTION HIGH SCHOOL,9,12,2012-2013,94.8,382,4,13,,
2690,JOHN H TAGGART SCHOOL,0,8,2008-2009,92.2,410,62,71,92.7,94.3
2690,JOHN H TAGGART SCHOOL,0,8,2009-2010,93.4,427,48,36,95,94.3
2690,JOHN H TAGGART SCHOOL,0,8,2010-2011,93,460,70,63,94.6,94.2
2690,JOHN H TAGGART SCHOOL,0,8,2011-2012,95.3,489,21,9,93.1,93.6
2690,JOHN H TAGGART SCHOOL,0,8,2012-2013,95.8,465,72,17,,
2720,ABIGAIL VARE SCHOOL,0,8,2008-2009,93.1,336,31,46,94.9,94.3
2720,ABIGAIL VARE SCHOOL,0,8,2009-2010,94.7,334,25,36,94.9,94.3
2720,ABIGAIL VARE SCHOOL,0,8,2010-2011,93.9,321,29,33,96.8,94.2
2720,ABIGAIL VARE SCHOOL,0,8,2011-2012,95.4,352,16,3,95.5,93.6
2720,ABIGAIL VARE SCHOOL,0,8,2012-2013,96.8,338,50,6,,
2730,GEORGE WASHINGTON SCHOOL,0,8,2008-2009,96,347,13,19,95,94.3
2730,GEORGE WASHINGTON SCHOOL,0,8,2009-2010,93.8,314,26,20,97.7,94.3
2730,GEORGE WASHINGTON SCHOOL,0,8,2010-2011,96.7,290,22,28,94.6,94.2
2730,GEORGE WASHINGTON SCHOOL,0,8,2011-2012,96,265,7,2,91.7,93.6
2730,GEORGE WASHINGTON SCHOOL,0,8,2012-2013,97.3,277,68,9,,
4020,OVERBROOK HIGH SCHOOL,9,12,2008-2009,77.2,1694,362,476,94.9,94.3
4020,OVERBROOK HIGH SCHOOL,9,12,2009-2010,79.4,1642,262,376,95.6,94.3
4020,OVERBROOK HIGH SCHOOL,9,12,2010-2011,78.6,1500,254,397,93.4,94.2
4020,OVERBROOK HIGH SCHOOL,9,12,2011-2012,81.9,1181,78,82,92.7,93.6
4020,OVERBROOK HIGH SCHOOL,9,12,2012-2013,83.8,1006,68,87,,
4030,ENGINEERING & SCIENCE HIGH,9,12,2008-2009,94,596,3,13,96.9,94.3
4030,ENGINEERING & SCIENCE HIGH,9,12,2009-2010,95.4,640,4,11,97.9,94.3
4030,ENGINEERING & SCIENCE HIGH,9,12,2010-2011,94.7,704,3,21,94.9,94.2
4030,ENGINEERING & SCIENCE HIGH,9,12,2011-2012,96.8,725,1,5,97.8,93.6
4030,ENGINEERING & SCIENCE HIGH,9,12,2012-2013,96.9,752,11,19,,
4060,MURRELL DOBBINS HIGH SCHOOL,9,12,2008-2009,86.6,851,17,88,89.4,94.3
4060,MURRELL DOBBINS HIGH SCHOOL,9,12,2009-2010,88.6,828,11,82,91.6,94.3
4060,MURRELL DOBBINS HIGH SCHOOL,9,12,2010-2011,86.6,808,4,92,95.2,94.2
4060,MURRELL DOBBINS HIGH SCHOOL,9,12,2011-2012,85.7,807,10,59,95.8,93.6
4060,MURRELL DOBBINS HIGH SCHOOL,9,12,2012-2013,84.9,736,4,37,,
4100,DIMNER BEEBER MIDDLE SCHOOL,6,8,2008-2009,89.9,457,66,83,91.2,94.3
4100,DIMNER BEEBER MIDDLE SCHOOL,6,8,2009-2010,90.4,516,76,68,94.2,94.3
4100,DIMNER BEEBER MIDDLE SCHOOL,6,8,2010-2011,89.9,482,71,71,93.9,94.2
4100,DIMNER BEEBER MIDDLE SCHOOL,6,8,2011-2012,91.1,379,24,14,91.3,93.6
4100,DIMNER BEEBER MIDDLE SCHOOL,6,8,2012-2013,91.8,287,17,19,,
4140,STRAWBERRY MANSION HIGH,9,12,2008-2009,81.6,499,103,123,93.2,94.3
4140,STRAWBERRY MANSION HIGH,9,12,2009-2010,83.3,506,83,151,92.6,94.3
4140,STRAWBERRY MANSION HIGH,9,12,2010-2011,79.6,426,63,125,93.7,94.2
4140,STRAWBERRY MANSION HIGH,9,12,2011-2012,77.7,366,21,36,96.3,93.6
4140,STRAWBERRY MANSION HIGH,9,12,2012-2013,75.8,436,36,30,,
4150,RHODES MIDDLE SCHOOL,7,8,2008-2009,80.3,440,116,120,95.9,94.3
4150,RHODES MIDDLE SCHOOL,7,8,2009-2010,80.3,493,86,97,96.9,94.3
4150,RHODES MIDDLE SCHOOL,7,8,2010-2011,83.6,500,86,129,94.8,94.2
4150,RHODES MIDDLE SCHOOL,7,8,2011-2012,86.9,401,26,24,90.3,93.6
4150,RHODES MIDDLE SCHOOL,7,8,2012-2013,87.4,201,15,5,,
4220,BLAINE ACADEMICS PLUS SCHOOL,0,8,2008-2009,91.3,330,57,72,92.1,94.3
4220,BLAINE ACADEMICS PLUS SCHOOL,0,8,2009-2010,92.9,300,47,43,92.2,94.3
4220,BLAINE ACADEMICS PLUS SCHOOL,0,8,2010-2011,91.9,266,61,47,95,94.2
4220,BLAINE ACADEMICS PLUS SCHOOL,0,8,2011-2012,93.5,272,19,7,90.6,93.6
4220,BLAINE ACADEMICS PLUS SCHOOL,0,8,2012-2013,94.9,294,68,15,,
4240,LEWIS C CASSIDY ACADEMICS PLUS,0,6,2008-2009,92.7,637,108,86,92.7,94.3
4240,LEWIS C CASSIDY ACADEMICS PLUS,0,6,2009-2010,93.2,615,69,59,93.4,94.3
4240,LEWIS C CASSIDY ACADEMICS PLUS,0,6,2010-2011,93.8,634,93,81,93.8,94.2
4240,LEWIS C CASSIDY ACADEMICS PLUS,0,6,2011-2012,95.2,649,21,19,94.6,93.6
4240,LEWIS C CASSIDY ACADEMICS PLUS,0,6,2012-2013,91.9,638,140,57,,
4270,WILLIAM DICK SCHOOL,0,8,2008-2009,93.8,267,50,27,97,94.3
4270,WILLIAM DICK SCHOOL,0,8,2009-2010,93.9,277,42,35,97.7,94.3
4270,WILLIAM DICK SCHOOL,0,8,2010-2011,94.2,292,75,61,98.2,94.2
4270,WILLIAM DICK SCHOOL,0,8,2011-2012,95.4,297,19,4,97,93.6
4270,WILLIAM DICK SCHOOL,0,8,2012-2013,94.3,329,55,13,,
4280,SAMUEL GOMPERS SCHOOL,0,6,2008-2009,92.8,370,27,33,95.7,94.3
4280,SAMUEL GOMPERS SCHOOL,0,6,2009-2010,93.2,358,41,21,95.3,94.3
4280,SAMUEL GOMPERS SCHOOL,0,6,2010-2011,92.6,324,59,26,96.3,94.2
4280,SAMUEL GOMPERS SCHOOL,0,6,2011-2012,95.4,351,31,11,95.7,93.6
4280,SAMUEL GOMPERS SCHOOL,0,6,2012-2013,95.5,379,77,36,,
4300,HESTON ACADEMICS PLUS SCHOOL,0,8,2008-2009,90.5,475,83,97,91.2,94.3
4300,HESTON ACADEMICS PLUS SCHOOL,0,8,2009-2010,93,436,64,53,94.6,94.3
4300,HESTON ACADEMICS PLUS SCHOOL,0,8,2010-2011,91.5,440,72,67,95.5,94.2
4300,HESTON ACADEMICS PLUS SCHOOL,0,8,2011-2012,93.9,429,30,26,90.4,93.6
4300,HESTON ACADEMICS PLUS SCHOOL,0,8,2012-2013,92.4,458,95,27,,
4310,KENDERTON SCHOOL,0,8,2008-2009,91,377,81,67,96.3,94.3
4310,KENDERTON SCHOOL,0,8,2009-2010,91.6,391,65,65,95.8,94.3
4310,KENDERTON SCHOOL,0,8,2010-2011,90.7,354,58,67,95,94.2
4310,KENDERTON SCHOOL,0,8,2011-2012,93.9,345,14,14,95.6,93.6
4310,KENDERTON SCHOOL,0,8,2012-2013,93.9,385,76,20,,
4320,ROBERT E LAMBERTON ELEMENTARY,0,8,2008-2009,94.8,627,62,79,95.7,94.3
4320,ROBERT E LAMBERTON ELEMENTARY,0,8,2009-2010,96.1,619,50,69,92.5,94.3
4320,ROBERT E LAMBERTON ELEMENTARY,0,8,2010-2011,96.2,556,77,52,96.5,94.2
4320,ROBERT E LAMBERTON ELEMENTARY,0,8,2011-2012,97.3,532,42,16,94.8,93.6
4320,ROBERT E LAMBERTON ELEMENTARY,0,8,2012-2013,96,537,76,25,,
4330,ROBERT E LAMBERTON HIGH SCHOOL,9,12,2008-2009,82.2,321,50,69,96.2,94.3
4330,ROBERT E LAMBERTON HIGH SCHOOL,9,12,2009-2010,87.4,267,28,44,96.1,94.3
4330,ROBERT E LAMBERTON HIGH SCHOOL,9,12,2010-2011,83.8,249,42,46,95,94.2
4330,ROBERT E LAMBERTON HIGH SCHOOL,9,12,2011-2012,89.7,237,6,12,96.6,93.6
4330,ROBERT E LAMBERTON HIGH SCHOOL,9,12,2012-2013,91.6,197,8,14,,
4370,OVERBROOK ELEMENTARY SCHOOL,0,5,2008-2009,93.9,294,15,24,94.4,94.3
4370,OVERBROOK ELEMENTARY SCHOOL,0,5,2009-2010,95.1,272,24,18,95.7,94.3
4370,OVERBROOK ELEMENTARY SCHOOL,0,5,2010-2011,93.9,258,53,34,93.8,94.2
4370,OVERBROOK ELEMENTARY SCHOOL,0,5,2011-2012,95.9,261,19,5,96.2,93.6
4370,OVERBROOK ELEMENTARY SCHOOL,0,5,2012-2013,96.6,257,63,9,,
4380,THOMAS M. PEIRCE SCHOOL,0,6,2008-2009,91.5,385,76,59,95.1,94.3
4380,THOMAS M. PEIRCE SCHOOL,0,6,2009-2010,93.5,415,72,50,96.6,94.3
4380,THOMAS M. PEIRCE SCHOOL,0,6,2010-2011,92.5,394,40,48,93.9,94.2
4380,THOMAS M. PEIRCE SCHOOL,0,6,2011-2012,94.6,388,30,11,95.7,93.6
4380,THOMAS M. PEIRCE SCHOOL,0,6,2012-2013,95.5,383,118,16,,
4390,ANNE B. PRATT SCHOOL,0,6,2008-2009,90.5,403,67,67,92.2,94.3
4390,ANNE B. PRATT SCHOOL,0,6,2009-2010,91.9,394,49,49,92.2,94.3
4390,ANNE B. PRATT SCHOOL,0,6,2010-2011,90.9,371,51,50,92,94.2
4390,ANNE B. PRATT SCHOOL,0,6,2011-2012,93.5,374,31,15,95.2,93.6
4390,ANNE B. PRATT SCHOOL,0,6,2012-2013,94.9,325,68,7,,
4400,M. HALL STANTON SCHOOL,0,7,2008-2009,88.3,420,62,68,93.2,94.3
4400,M. HALL STANTON SCHOOL,0,7,2009-2010,91.6,460,67,90,96,94.3
4400,M. HALL STANTON SCHOOL,0,7,2010-2011,92.6,388,84,86,95.3,94.2
4400,M. HALL STANTON SCHOOL,0,7,2011-2012,93.2,343,19,18,94.7,93.6
4400,M. HALL STANTON SCHOOL,0,7,2012-2013,94.7,328,68,13,,
4430,JOHN WHITTIER SCHOOL,0,6,2008-2009,92.9,447,106,80,94.6,94.3
4430,JOHN WHITTIER SCHOOL,0,6,2009-2010,93.6,469,84,61,93.4,94.3
4430,JOHN WHITTIER SCHOOL,0,6,2010-2011,92.3,489,80,86,92,94.2
4430,JOHN WHITTIER SCHOOL,0,6,2011-2012,95.7,419,25,15,92.3,93.6
4430,JOHN WHITTIER SCHOOL,0,6,2012-2013,94.7,365,104,48,,
4440,DR. ETHEL ALLEN SCHOOL,0,8,2008-2009,88.7,342,84,60,94.7,94.3
4440,DR. ETHEL ALLEN SCHOOL,0,8,2009-2010,91.2,388,64,78,91.4,94.3
4440,DR. ETHEL ALLEN SCHOOL,0,8,2010-2011,91.9,394,56,53,96.6,94.2
4440,DR. ETHEL ALLEN SCHOOL,0,8,2011-2012,93.9,445,34,13,93.4,93.6
4440,DR. ETHEL ALLEN SCHOOL,0,8,2012-2013,94.1,484,93,20,,
4450,LESLIE P. HILL SCHOOL,0,8,2008-2009,92.2,323,53,62,95.6,94.3
4450,LESLIE P. HILL SCHOOL,0,8,2009-2010,92.2,325,51,59,93,94.3
4450,LESLIE P. HILL SCHOOL,0,8,2010-2011,89.8,347,72,67,94.6,94.2
4450,LESLIE P. HILL SCHOOL,0,8,2011-2012,92.2,305,16,18,93.7,93.6
4450,LESLIE P. HILL SCHOOL,0,8,2012-2013,92.1,293,56,1,,
4460,TANNER DUCKREY SCHOOL,0,8,2008-2009,91.6,376,40,47,95.2,94.3
4460,TANNER DUCKREY SCHOOL,0,8,2009-2010,93.2,375,36,36,95.2,94.3
4460,TANNER DUCKREY SCHOOL,0,8,2010-2011,92.8,359,36,32,95.7,94.2
4460,TANNER DUCKREY SCHOOL,0,8,2011-2012,94.2,318,18,8,95,93.6
4460,TANNER DUCKREY SCHOOL,0,8,2012-2013,95.4,281,52,7,,
4470,RICHARD WRIGHT SCHOOL,0,6,2008-2009,92.3,371,67,59,95.6,94.3
4470,RICHARD WRIGHT SCHOOL,0,6,2009-2010,93.5,391,76,58,95.2,94.3
4470,RICHARD WRIGHT SCHOOL,0,6,2010-2011,92.1,421,67,50,95.5,94.2
4470,RICHARD WRIGHT SCHOOL,0,6,2011-2012,94,399,28,27,93.5,93.6
4470,RICHARD WRIGHT SCHOOL,0,6,2012-2013,93.5,368,81,13,,
4480,OVERBROOK EDUCATIONAL CENTER,0,8,2008-2009,95.3,305,6,4,93.9,94.3
4480,OVERBROOK EDUCATIONAL CENTER,0,8,2009-2010,96.1,276,6,4,95.5,94.3
4480,OVERBROOK EDUCATIONAL CENTER,0,8,2010-2011,95.6,273,7,4,94.6,94.2
4480,OVERBROOK EDUCATIONAL CENTER,0,8,2011-2012,96.6,248,2,4,92.4,93.6
4480,OVERBROOK EDUCATIONAL CENTER,0,8,2012-2013,97.4,238,12,2,,
4530,EDWARD GIDEON SCHOOL,0,8,2008-2009,94.2,339,38,33,96.1,94.3
4530,EDWARD GIDEON SCHOOL,0,8,2009-2010,93.2,354,34,40,96.4,94.3
4530,EDWARD GIDEON SCHOOL,0,8,2010-2011,92.8,336,41,54,95.9,94.2
4530,EDWARD GIDEON SCHOOL,0,8,2011-2012,94.7,344,10,3,95.1,93.6
4530,EDWARD GIDEON SCHOOL,0,8,2012-2013,95,360,64,19,,
4560,WILLIAM D. KELLEY SCHOOL,0,8,2008-2009,92.1,322,73,84,95,94.3
4560,WILLIAM D. KELLEY SCHOOL,0,8,2009-2010,93.1,289,57,40,90.5,94.3
4560,WILLIAM D. KELLEY SCHOOL,0,8,2010-2011,91.6,313,57,53,91.2,94.2
4560,WILLIAM D. KELLEY SCHOOL,0,8,2011-2012,94.3,309,23,14,92.3,93.6
4560,WILLIAM D. KELLEY SCHOOL,0,8,2012-2013,91.7,307,81,27,,
4570,GEN. GEORGE G. MEADE SCHOOL,0,8,2008-2009,91.5,411,42,70,95.4,94.3
4570,GEN. GEORGE G. MEADE SCHOOL,0,8,2009-2010,92.3,364,52,46,92,94.3
4570,GEN. GEORGE G. MEADE SCHOOL,0,8,2010-2011,90.7,364,49,48,94.6,94.2
4570,GEN. GEORGE G. MEADE SCHOOL,0,8,2011-2012,92.9,348,22,14,95.9,93.6
4570,GEN. GEORGE G. MEADE SCHOOL,0,8,2012-2013,93.3,368,79,19,,
5020,THOMAS EDISON HIGH SCHOOL,9,12,2008-2009,76.3,2122,307,547,93.8,94.3
5020,THOMAS EDISON HIGH SCHOOL,9,12,2009-2010,80.1,1923,218,362,94.7,94.3
5020,THOMAS EDISON HIGH SCHOOL,9,12,2010-2011,77,1671,374,552,93,94.2
5020,THOMAS EDISON HIGH SCHOOL,9,12,2011-2012,79.5,1433,81,72,92,93.6
5020,THOMAS EDISON HIGH SCHOOL,9,12,2012-2013,76.8,1257,77,81,,
5050,PHILA MILITARY ACAD @ ELVERSON,9,12,2008-2009,93.8,277,0,15,96,94.3
5050,PHILA MILITARY ACAD @ ELVERSON,9,12,2009-2010,94.1,262,1,15,94.6,94.3
5050,PHILA MILITARY ACAD @ ELVERSON,9,12,2010-2011,94.8,250,0,20,95.9,94.2
5050,PHILA MILITARY ACAD @ ELVERSON,9,12,2011-2012,94.9,236,0,3,96.4,93.6
5050,PHILA MILITARY ACAD @ ELVERSON,9,12,2012-2013,96.1,206,0,1,,
5060,JULES MASTBAUM HIGH SCHOOL,9,12,2008-2009,87.3,1082,13,96,94.7,94.3
5060,JULES MASTBAUM HIGH SCHOOL,9,12,2009-2010,90.2,917,6,59,94.8,94.3
5060,JULES MASTBAUM HIGH SCHOOL,9,12,2010-2011,88.4,960,9,81,94.7,94.2
5060,JULES MASTBAUM HIGH SCHOOL,9,12,2011-2012,92.4,872,0,26,93.6,93.6
5060,JULES MASTBAUM HIGH SCHOOL,9,12,2012-2013,93.5,687,0,9,,
5070,PARKWAY-NORTHWEST HIGH SCHOOL,9,12,2008-2009,92,292,5,12,91.8,94.3
5070,PARKWAY-NORTHWEST HIGH SCHOOL,9,12,2009-2010,93.4,278,7,5,93.7,94.3
5070,PARKWAY-NORTHWEST HIGH SCHOOL,9,12,2010-2011,91.6,274,3,10,94,94.2
5070,PARKWAY-NORTHWEST HIGH SCHOOL,9,12,2011-2012,95.3,297,0,2,91.3,93.6
5070,PARKWAY-NORTHWEST HIGH SCHOOL,9,12,2012-2013,95.1,260,3,2,,
5080,PARKWAY CENTER CITY HIGH SCHL,9,12,2008-2009,91.4,331,3,16,96.6,94.3
5080,PARKWAY CENTER CITY HIGH SCHL,9,12,2009-2010,92,376,9,13,97.4,94.3
5080,PARKWAY CENTER CITY HIGH SCHL,9,12,2010-2011,92.1,393,3,21,95.6,94.2
5080,PARKWAY CENTER CITY HIGH SCHL,9,12,2011-2012,95,378,2,3,95.9,93.6
5080,PARKWAY CENTER CITY HIGH SCHL,9,12,2012-2013,94.5,471,4,14,,
5090,PARKWAY WEST HIGH SCHOOL,9,12,2008-2009,88.2,322,9,11,95.1,94.3
5090,PARKWAY WEST HIGH SCHOOL,9,12,2009-2010,91,315,5,15,96.1,94.3
5090,PARKWAY WEST HIGH SCHOOL,9,12,2010-2011,89.6,286,10,13,96.3,94.2
5090,PARKWAY WEST HIGH SCHOOL,9,12,2011-2012,93.9,264,0,7,96.1,93.6
5090,PARKWAY WEST HIGH SCHOOL,9,12,2012-2013,95.1,259,1,4,,
5110,PENN TREATY MIDDLE SCHOOL,6,8,2008-2009,89.1,697,89,100,89.8,94.3
5110,PENN TREATY MIDDLE SCHOOL,6,8,2009-2010,90.6,518,48,59,93.6,94.3
5110,PENN TREATY MIDDLE SCHOOL,6,8,2010-2011,90.5,406,49,54,91.9,94.2
5110,PENN TREATY MIDDLE SCHOOL,6,8,2011-2012,91.6,277,11,10,95.5,93.6
5110,PENN TREATY MIDDLE SCHOOL,6,8,2012-2013,93.4,256,28,10,,
5150,WILLIAM W. BODINE H.S.,9,12,2008-2009,93.8,561,2,18,95.5,94.3
5150,WILLIAM W. BODINE H.S.,9,12,2009-2010,94.9,534,3,11,94.7,94.3
5150,WILLIAM W. BODINE H.S.,9,12,2010-2011,94.4,549,1,12,96.7,94.2
5150,WILLIAM W. BODINE H.S.,9,12,2011-2012,95.6,558,1,6,96.5,93.6
5150,WILLIAM W. BODINE H.S.,9,12,2012-2013,95.8,515,1,8,,
5170,JULIA DE BURGOS ELEMENTARY,0,8,2008-2009,91.2,656,87,101,94.5,94.3
5170,JULIA DE BURGOS ELEMENTARY,0,8,2009-2010,93.4,638,77,88,94.1,94.3
5170,JULIA DE BURGOS ELEMENTARY,0,8,2010-2011,93.3,571,79,67,96.6,94.2
5170,JULIA DE BURGOS ELEMENTARY,0,8,2011-2012,95.2,562,35,22,95.7,93.6
5170,JULIA DE BURGOS ELEMENTARY,0,8,2012-2013,94.6,648,100,32,,
5200,ALEXANDER ADAIRE SCHOOL,0,8,2008-2009,93.7,415,42,26,98,94.3
5200,ALEXANDER ADAIRE SCHOOL,0,8,2009-2010,93.8,447,25,24,97.3,94.3
5200,ALEXANDER ADAIRE SCHOOL,0,8,2010-2011,93.6,424,32,37,97.4,94.2
5200,ALEXANDER ADAIRE SCHOOL,0,8,2011-2012,96.1,400,8,5,94.8,93.6
5200,ALEXANDER ADAIRE SCHOOL,0,8,2012-2013,95.5,405,42,10,,
5210,H.A. BROWN ACADEMICS PLUS SCH,0,8,2008-2009,92.9,394,71,80,93.5,94.3
5210,H.A. BROWN ACADEMICS PLUS SCH,0,8,2009-2010,94.9,419,52,46,95.8,94.3
5210,H.A. BROWN ACADEMICS PLUS SCH,0,8,2010-2011,92.1,469,95,56,95.5,94.2
5210,H.A. BROWN ACADEMICS PLUS SCH,0,8,2011-2012,94.4,598,11,22,95.1,93.6
5210,H.A. BROWN ACADEMICS PLUS SCH,0,8,2012-2013,95.4,575,97,18,,
5230,RUSSELL H. CONWELL MIDDLE SCH.,5,8,2008-2009,94.1,840,14,30,95.1,94.3
5230,RUSSELL H. CONWELL MIDDLE SCH.,5,8,2009-2010,94.5,808,30,30,94.3,94.3
5230,RUSSELL H. CONWELL MIDDLE SCH.,5,8,2010-2011,94.5,794,1,30,95.7,94.2
5230,RUSSELL H. CONWELL MIDDLE SCH.,5,8,2011-2012,95,747,1,13,95.4,93.6
5230,RUSSELL H. CONWELL MIDDLE SCH.,5,8,2012-2013,96.1,680,7,13,,
5240,STEPHEN A DOUGLAS HIGH SCHOOL,9,12,2008-2009,83.1,273,26,54,94,94.3
5240,STEPHEN A DOUGLAS HIGH SCHOOL,9,12,2009-2010,83.5,307,19,56,96.4,94.3
5240,STEPHEN A DOUGLAS HIGH SCHOOL,9,12,2010-2011,81.6,268,33,60,94.1,94.2
5240,STEPHEN A DOUGLAS HIGH SCHOOL,9,12,2011-2012,86.2,295,5,29,95.4,93.6
5240,STEPHEN A DOUGLAS HIGH SCHOOL,9,12,2012-2013,87.8,251,8,14,,
5250,DUNBAR ACADEMICS PLUS SCHOOL,0,8,2008-2009,89.8,214,27,30,95,94.3
5250,DUNBAR ACADEMICS PLUS SCHOOL,0,8,2009-2010,92.1,182,27,22,96.9,94.3
5250,DUNBAR ACADEMICS PLUS SCHOOL,0,8,2010-2011,91.8,170,26,21,93,94.2
5250,DUNBAR ACADEMICS PLUS SCHOOL,0,8,2011-2012,95.1,176,3,2,95,93.6
5250,DUNBAR ACADEMICS PLUS SCHOOL,0,8,2012-2013,94.7,225,37,5,,
5260,LEWIS ELKIN SCHOOL,0,4,2008-2009,90.8,869,155,162,95.6,94.3
5260,LEWIS ELKIN SCHOOL,0,4,2009-2010,91.8,826,133,144,93.9,94.3
5260,LEWIS ELKIN SCHOOL,0,4,2010-2011,91.1,831,154,138,92.9,94.2
5260,LEWIS ELKIN SCHOOL,0,4,2011-2012,93.9,803,35,22,91.6,93.6
5260,LEWIS ELKIN SCHOOL,0,4,2012-2013,93,804,226,30,,
5280,FAIRHILL SCHOOL,0,8,2008-2009,91.9,577,56,68,92.3,94.3
5280,FAIRHILL SCHOOL,0,8,2009-2010,92.5,545,66,60,96.8,94.3
5280,FAIRHILL SCHOOL,0,8,2010-2011,90.9,555,99,108,92.3,94.2
5280,FAIRHILL SCHOOL,0,8,2011-2012,94.7,533,19,21,88.9,93.6
5280,FAIRHILL SCHOOL,0,8,2012-2013,92.9,479,77,21,,
5290,FERGUSON ACADEMICS PLUS SCHOOL,0,8,2008-2009,91.3,403,71,68,95.9,94.3
5290,FERGUSON ACADEMICS PLUS SCHOOL,0,8,2009-2010,92.9,418,72,76,95.9,94.3
5290,FERGUSON ACADEMICS PLUS SCHOOL,0,8,2010-2011,93.2,381,30,76,93.5,94.2
5290,FERGUSON ACADEMICS PLUS SCHOOL,0,8,2011-2012,94.8,313,51,11,93.6,93.6
5290,FERGUSON ACADEMICS PLUS SCHOOL,0,8,2012-2013,93.6,328,67,18,,
5300,HACKETT SCHOOL,0,6,2008-2009,91.7,440,45,51,94.7,94.3
5300,HACKETT SCHOOL,0,6,2009-2010,92.9,418,28,44,96.1,94.3
5300,HACKETT SCHOOL,0,6,2010-2011,91,404,38,40,93.5,94.2
5300,HACKETT SCHOOL,0,6,2011-2012,94.3,427,17,12,92.2,93.6
5300,HACKETT SCHOOL,0,6,2012-2013,94.6,419,78,14,,
5320,JOHN F. HARTRANFT SCHOOL,0,8,2008-2009,94.7,424,91,73,95.1,94.3
5320,JOHN F. HARTRANFT SCHOOL,0,8,2009-2010,94.9,425,86,94,94,94.3
5320,JOHN F. HARTRANFT SCHOOL,0,8,2010-2011,96.4,410,125,115,97.2,94.2
5320,JOHN F. HARTRANFT SCHOOL,0,8,2011-2012,95.5,403,31,8,91.5,93.6
5320,JOHN F. HARTRANFT SCHOOL,0,8,2012-2013,94.7,416,74,18,,
5330,WILLIAM H. HUNTER SCHOOL,0,8,2008-2009,90.3,509,69,45,93.5,94.3
5330,WILLIAM H. HUNTER SCHOOL,0,8,2009-2010,94.5,502,51,38,95.1,94.3
5330,WILLIAM H. HUNTER SCHOOL,0,8,2010-2011,92,521,56,49,94.6,94.2
5330,WILLIAM H. HUNTER SCHOOL,0,8,2011-2012,95.1,511,22,12,90.9,93.6
5330,WILLIAM H. HUNTER SCHOOL,0,8,2012-2013,94.5,488,90,12,,
5340,JAMES R. LUDLOW SCHOOL,0,8,2008-2009,92,285,52,53,97.4,94.3
5340,JAMES R. LUDLOW SCHOOL,0,8,2009-2010,94.3,276,55,45,97.1,94.3
5340,JAMES R. LUDLOW SCHOOL,0,8,2010-2011,93.9,302,63,62,95.1,94.2
5340,JAMES R. LUDLOW SCHOOL,0,8,2011-2012,95.1,297,11,13,96.6,93.6
5340,JAMES R. LUDLOW SCHOOL,0,8,2012-2013,94.5,327,76,34,,
5350,WILLIAM MCKINLEY SCHOOL,0,8,2008-2009,91.7,315,31,38,92.5,94.3
5350,WILLIAM MCKINLEY SCHOOL,0,8,2009-2010,93.6,304,28,26,95.5,94.3
5350,WILLIAM MCKINLEY SCHOOL,0,8,2010-2011,93.4,289,34,29,95.8,94.2
5350,WILLIAM MCKINLEY SCHOOL,0,8,2011-2012,95,309,5,13,96.4,93.6
5350,WILLIAM MCKINLEY SCHOOL,0,8,2012-2013,95.3,295,51,19,,
5370,JOHN MOFFET SCHOOL,0,5,2008-2009,94.7,413,35,44,96.5,94.3
5370,JOHN MOFFET SCHOOL,0,5,2009-2010,95.2,425,46,20,96.1,94.3
5370,JOHN MOFFET SCHOOL,0,5,2010-2011,95.1,446,43,48,96,94.2
5370,JOHN MOFFET SCHOOL,0,5,2011-2012,96.1,444,17,7,97.3,93.6
5370,JOHN MOFFET SCHOOL,0,5,2012-2013,95.6,451,105,36,,
5390,POTTER THOMAS SCHOOL,0,8,2008-2009,90.4,471,67,63,95,94.3
5390,POTTER THOMAS SCHOOL,0,8,2009-2010,90.8,474,58,68,95.9,94.3
5390,POTTER THOMAS SCHOOL,0,8,2010-2011,90.7,414,59,86,96.5,94.2
5390,POTTER THOMAS SCHOOL,0,8,2011-2012,92.9,406,23,14,94.8,93.6
5390,POTTER THOMAS SCHOOL,0,8,2012-2013,92.1,403,75,19,,
5400,RICHMOND ACADEMICS PLUS SCHOOL,0,5,2008-2009,91.3,660,79,86,96.5,94.3
5400,RICHMOND ACADEMICS PLUS SCHOOL,0,5,2009-2010,92.2,666,74,79,94.5,94.3
5400,RICHMOND ACADEMICS PLUS SCHOOL,0,5,2010-2011,92.2,695,61,88,95.8,94.2
5400,RICHMOND ACADEMICS PLUS SCHOOL,0,5,2011-2012,94.5,687,17,29,93.7,93.6
5400,RICHMOND ACADEMICS PLUS SCHOOL,0,5,2012-2013,94.6,690,163,13,,
5410,ISAAC A. SHEPPARD SCHOOL,0,4,2008-2009,91.4,265,82,61,93.9,94.3
5410,ISAAC A. SHEPPARD SCHOOL,0,4,2009-2010,93.6,270,42,38,92.5,94.3
5410,ISAAC A. SHEPPARD SCHOOL,0,4,2010-2011,93.1,284,55,51,96.3,94.2
5410,ISAAC A. SHEPPARD SCHOOL,0,4,2011-2012,93.8,285,17,10,93.8,93.6
5410,ISAAC A. SHEPPARD SCHOOL,0,4,2012-2013,94.5,276,75,10,,
5420,JOHN WELSH SCHOOL,0,8,2008-2009,93.1,627,60,70,97,94.3
5420,JOHN WELSH SCHOOL,0,8,2009-2010,93.9,603,64,48,99,94.3
5420,JOHN WELSH SCHOOL,0,8,2010-2011,93.3,596,71,57,97.7,94.2
5420,JOHN WELSH SCHOOL,0,8,2011-2012,95.3,610,20,12,96.5,93.6
5420,JOHN WELSH SCHOOL,0,8,2012-2013,96.3,569,108,13,,
5430,AMY 5 AT JAMES MARTIN,6,8,2008-2009,92.4,401,6,12,95.8,94.3
5430,AMY 5 AT JAMES MARTIN,6,8,2009-2010,92.9,420,6,8,94.7,94.3
5430,AMY 5 AT JAMES MARTIN,6,8,2010-2011,92.2,393,9,15,96.8,94.2
5430,AMY 5 AT JAMES MARTIN,6,8,2011-2012,95,391,15,7,94.3,93.6
5430,AMY 5 AT JAMES MARTIN,6,8,2012-2013,95,398,1,6,,
5440,FRANCES E. WILLARD SCHOOL,0,4,2008-2009,91.9,721,154,135,97,94.3
5440,FRANCES E. WILLARD SCHOOL,0,4,2009-2010,92.3,741,175,127,96.2,94.3
5440,FRANCES E. WILLARD SCHOOL,0,4,2010-2011,92.2,772,165,111,94.7,94.2
5440,FRANCES E. WILLARD SCHOOL,0,4,2011-2012,94.1,793,59,35,92,93.6
5440,FRANCES E. WILLARD SCHOOL,0,4,2012-2013,94.4,799,206,26,,
5450,CHARLES CARROLL HIGH SCHOOL,9,12,2008-2009,82.4,396,118,86,97.1,94.3
5450,CHARLES CARROLL HIGH SCHOOL,9,12,2009-2010,81.4,444,65,73,97.3,94.3
5450,CHARLES CARROLL HIGH SCHOOL,9,12,2010-2011,79.9,415,101,72,93.1,94.2
5450,CHARLES CARROLL HIGH SCHOOL,9,12,2011-2012,85.9,392,25,21,93.6,93.6
5450,CHARLES CARROLL HIGH SCHOOL,9,12,2012-2013,85.5,342,16,21,,
5470,CRAMP SCHOOL,0,6,2008-2009,92.8,624,96,78,93,94.3
5470,CRAMP SCHOOL,0,6,2009-2010,94,640,112,81,95.5,94.3
5470,CRAMP SCHOOL,0,6,2010-2011,92.4,674,112,97,93.3,94.2
5470,CRAMP SCHOOL,0,6,2011-2012,94.1,684,28,26,94.4,93.6
5470,CRAMP SCHOOL,0,6,2012-2013,95,695,125,26,,
5480,GEN. PHILIP KEARNY SCHOOL,0,8,2008-2009,94.6,428,39,45,95.7,94.3
5480,GEN. PHILIP KEARNY SCHOOL,0,8,2009-2010,95.1,439,34,42,95.5,94.3
5480,GEN. PHILIP KEARNY SCHOOL,0,8,2010-2011,94.7,416,57,37,94.4,94.2
5480,GEN. PHILIP KEARNY SCHOOL,0,8,2011-2012,97.1,421,11,7,92.5,93.6
5480,GEN. PHILIP KEARNY SCHOOL,0,8,2012-2013,95.6,446,74,9,,
5490,CAYUGA SCHOOL,0,5,2008-2009,91.4,453,84,89,95,94.3
5490,CAYUGA SCHOOL,0,5,2009-2010,92,454,62,82,90.9,94.3
5490,CAYUGA SCHOOL,0,5,2010-2011,91.9,389,65,63,94.6,94.2
5490,CAYUGA SCHOOL,0,5,2011-2012,92.3,411,37,35,93.3,93.6
5490,CAYUGA SCHOOL,0,5,2012-2013,93.9,413,111,21,,
5500,THURGOOD MARSHALL SCHOOL,0,8,2008-2009,95.1,599,117,83,94.1,94.3
5500,THURGOOD MARSHALL SCHOOL,0,8,2009-2010,95.8,689,76,57,91.8,94.3
5500,THURGOOD MARSHALL SCHOOL,0,8,2010-2011,93.9,718,93,68,92.6,94.2
5500,THURGOOD MARSHALL SCHOOL,0,8,2011-2012,95.5,723,58,20,94.4,93.6
5500,THURGOOD MARSHALL SCHOOL,0,8,2012-2013,95.1,729,123,12,,
5510,"KENSINGTON BUSINESS, FINANCE",9,12,2008-2009,77.5,511,162,225,92.9,94.3
5510,"KENSINGTON BUSINESS, FINANCE",9,12,2009-2010,77.8,562,126,166,95.2,94.3
5510,"KENSINGTON BUSINESS, FINANCE",9,12,2010-2011,74.7,507,113,196,96,94.2
5510,"KENSINGTON BUSINESS, FINANCE",9,12,2011-2012,82.2,439,44,37,94.5,93.6
5510,"KENSINGTON BUSINESS, FINANCE",9,12,2012-2013,79.8,373,36,38,,
5520,KENSINGTON CAPA,9,12,2008-2009,80.3,526,195,247,96.4,94.3
5520,KENSINGTON CAPA,9,12,2009-2010,82.5,536,150,162,93.2,94.3
5520,KENSINGTON CAPA,9,12,2010-2011,81.5,519,458,133,93.3,94.2
5520,KENSINGTON CAPA,9,12,2011-2012,86.9,442,57,24,93.4,93.6
5520,KENSINGTON CAPA,9,12,2012-2013,85.2,427,75,22,,
5530,PHILIP H. SHERIDAN SCHOOL,0,4,2008-2009,90,881,139,207,89.9,94.3
5530,PHILIP H. SHERIDAN SCHOOL,0,4,2009-2010,91.4,857,103,153,93.2,94.3
5530,PHILIP H. SHERIDAN SCHOOL,0,4,2010-2011,89.7,766,176,158,92.3,94.2
5530,PHILIP H. SHERIDAN SCHOOL,0,4,2011-2012,93.6,783,47,35,92.3,93.6
5530,PHILIP H. SHERIDAN SCHOOL,0,4,2012-2013,94.1,737,225,30,,
5550,KENSINGTON HEALTH SCIENCES,9,12,2008-2009,78.3,541,92,177,97.2,94.3
5550,KENSINGTON HEALTH SCIENCES,9,12,2009-2010,79,540,115,183,94,94.3
5550,KENSINGTON HEALTH SCIENCES,9,12,2010-2011,76.8,506,76,150,95,94.2
5550,KENSINGTON HEALTH SCIENCES,9,12,2011-2012,83.3,437,24,41,91.6,93.6
5550,KENSINGTON HEALTH SCIENCES,9,12,2012-2013,84.1,366,31,28,,
5560,SPRING GARDEN SCHOOL,0,8,2008-2009,94,322,41,54,96.5,94.3
5560,SPRING GARDEN SCHOOL,0,8,2009-2010,94.1,312,38,51,97,94.3
5560,SPRING GARDEN SCHOOL,0,8,2010-2011,93.3,295,45,45,95.4,94.2
5560,SPRING GARDEN SCHOOL,0,8,2011-2012,94.8,287,20,14,94.4,93.6
5560,SPRING GARDEN SCHOOL,0,8,2012-2013,95,274,48,9,,
5590,JOHN H. WEBSTER SCHOOL,0,5,2008-2009,91.9,936,141,165,95.4,94.3
5590,JOHN H. WEBSTER SCHOOL,0,5,2009-2010,93.3,925,127,142,94,94.3
5590,JOHN H. WEBSTER SCHOOL,0,5,2010-2011,91.9,937,182,189,92.8,94.2
5590,JOHN H. WEBSTER SCHOOL,0,5,2011-2012,94.4,912,51,33,95.7,93.6
5590,JOHN H. WEBSTER SCHOOL,0,5,2012-2013,95.1,919,201,38,,
5600,KENSINGTON URBAN EDUCATION,9,11,2010-2011,87.8,81,21,39,97,94.2
5600,KENSINGTON URBAN EDUCATION,9,11,2011-2012,90.4,167,12,17,91.8,93.6
5600,KENSINGTON URBAN EDUCATION,9,11,2012-2013,86.3,227,10,19,,
5650,SHERIDAN WEST ACADEMY,7,8,2008-2009,88.2,179,21,37,96.9,94.3
5650,SHERIDAN WEST ACADEMY,7,8,2009-2010,90.5,226,57,61,93.8,94.3
5650,SHERIDAN WEST ACADEMY,7,8,2010-2011,91.9,226,47,35,93.9,94.2
5650,SHERIDAN WEST ACADEMY,7,8,2011-2012,91,245,8,11,95.2,93.6
5650,SHERIDAN WEST ACADEMY,7,8,2012-2013,93.9,103,2,9,,
5680,HON. LUIS MUNOZ-MARIN SCHOOL,0,8,2008-2009,91.8,817,119,124,94,94.3
5680,HON. LUIS MUNOZ-MARIN SCHOOL,0,8,2009-2010,93.1,703,88,82,92.8,94.3
5680,HON. LUIS MUNOZ-MARIN SCHOOL,0,8,2010-2011,92.9,721,102,87,94.8,94.2
5680,HON. LUIS MUNOZ-MARIN SCHOOL,0,8,2011-2012,94.3,670,33,28,95.4,93.6
5680,HON. LUIS MUNOZ-MARIN SCHOOL,0,8,2012-2013,94.1,711,122,11,,
6010,CENTRAL HIGH SCHOOL,9,12,2008-2009,95.1,2217,2,39,96.5,94.3
6010,CENTRAL HIGH SCHOOL,9,12,2009-2010,95.9,2341,4,42,96.7,94.3
6010,CENTRAL HIGH SCHOOL,9,12,2010-2011,94.8,2387,2,57,97.6,94.2
6010,CENTRAL HIGH SCHOOL,9,12,2011-2012,97.2,2373,4,15,95.4,93.6
6010,CENTRAL HIGH SCHOOL,9,12,2012-2013,97.2,2339,6,14,,
6020,GERMANTOWN HIGH SCHOOL,9,12,2008-2009,72.4,1276,266,428,93.1,94.3
6020,GERMANTOWN HIGH SCHOOL,9,12,2009-2010,78.5,1045,205,222,93.5,94.3
6020,GERMANTOWN HIGH SCHOOL,9,12,2010-2011,78.2,943,210,370,92.1,94.2
6020,GERMANTOWN HIGH SCHOOL,9,12,2011-2012,80.6,819,69,70,94,93.6
6020,GERMANTOWN HIGH SCHOOL,9,12,2012-2013,86,676,55,51,,
6030,ROXBOROUGH HIGH SCHOOL,9,12,2008-2009,78.4,926,85,205,93.9,94.3
6030,ROXBOROUGH HIGH SCHOOL,9,12,2009-2010,82.3,845,69,148,94,94.3
6030,ROXBOROUGH HIGH SCHOOL,9,12,2010-2011,83.7,652,54,142,94.1,94.2
6030,ROXBOROUGH HIGH SCHOOL,9,12,2011-2012,88.9,533,20,18,94.2,93.6
6030,ROXBOROUGH HIGH SCHOOL,9,12,2012-2013,91.3,483,15,12,,
6040,W. B. SAUL HIGH SCHOOL,9,12,2008-2009,93.2,559,2,23,93,94.3
6040,W. B. SAUL HIGH SCHOOL,9,12,2009-2010,93.9,556,0,11,95.7,94.3
6040,W. B. SAUL HIGH SCHOOL,9,12,2010-2011,92.5,576,3,22,94.5,94.2
6040,W. B. SAUL HIGH SCHOOL,9,12,2011-2012,95.2,518,2,9,95.2,93.6
6040,W. B. SAUL HIGH SCHOOL,9,12,2012-2013,96.2,529,0,7,,
6050,PHILA HIGH SCHOOL FOR GIRLS,9,12,2008-2009,91.4,1019,5,38,91.3,94.3
6050,PHILA HIGH SCHOOL FOR GIRLS,9,12,2009-2010,93.5,1082,4,41,96.3,94.3
6050,PHILA HIGH SCHOOL FOR GIRLS,9,12,2010-2011,91.8,1094,10,60,94.8,94.2
6050,PHILA HIGH SCHOOL FOR GIRLS,9,12,2011-2012,94.8,991,9,8,93.7,93.6
6050,PHILA HIGH SCHOOL FOR GIRLS,9,12,2012-2013,95.4,1176,3,11,,
6060,MARTIN L. KING HIGH SCHOOL,9,12,2008-2009,77.4,1244,309,415,94.6,94.3
6060,MARTIN L. KING HIGH SCHOOL,9,12,2009-2010,84.2,1209,220,354,93,94.3
6060,MARTIN L. KING HIGH SCHOOL,9,12,2010-2011,80.8,1049,180,384,91.6,94.2
6060,MARTIN L. KING HIGH SCHOOL,9,12,2011-2012,82.7,879,119,230,91.6,93.6
6060,MARTIN L. KING HIGH SCHOOL,9,12,2012-2013,82.3,755,41,33,,
6070,PHILA MILITARY ACADEMY @ LEEDS,9,12,2008-2009,91.4,311,2,25,95.7,94.3
6070,PHILA MILITARY ACADEMY @ LEEDS,9,12,2009-2010,93.5,306,4,18,94.3,94.3
6070,PHILA MILITARY ACADEMY @ LEEDS,9,12,2010-2011,92.1,319,5,36,88.5,94.2
6070,PHILA MILITARY ACADEMY @ LEEDS,9,12,2011-2012,95.7,244,0,6,86.6,93.6
6070,PHILA MILITARY ACADEMY @ LEEDS,9,12,2012-2013,94.5,252,3,12,,
6090,RANDOLPH TECHNICAL HIGH SCHOOL,9,12,2008-2009,86,394,1,17,95.4,94.3
6090,RANDOLPH TECHNICAL HIGH SCHOOL,9,12,2009-2010,89.4,421,5,33,93.3,94.3
6090,RANDOLPH TECHNICAL HIGH SCHOOL,9,12,2010-2011,87.7,352,8,30,96.5,94.2
6090,RANDOLPH TECHNICAL HIGH SCHOOL,9,12,2011-2012,91.6,400,1,6,93.3,93.6
6090,RANDOLPH TECHNICAL HIGH SCHOOL,9,12,2012-2013,93,547,24,20,,
6100,LEEDS MIDDLE SCHOOL,7,8,2008-2009,91.7,271,38,36,97,94.3
6100,LEEDS MIDDLE SCHOOL,7,8,2009-2010,93.5,302,35,30,97.1,94.3
6100,LEEDS MIDDLE SCHOOL,7,8,2010-2011,92,313,30,43,97.3,94.2
6100,LEEDS MIDDLE SCHOOL,7,8,2011-2012,93.9,260,10,26,95.5,93.6
6100,LEEDS MIDDLE SCHOOL,7,8,2012-2013,95.1,275,12,14,,
6110,ROOSEVELT MIDDLE SCHOOL,7,8,2008-2009,88,386,122,120,92.9,94.3
6110,ROOSEVELT MIDDLE SCHOOL,7,8,2009-2010,91.1,393,86,65,94.9,94.3
6110,ROOSEVELT MIDDLE SCHOOL,7,8,2010-2011,89.9,362,73,87,91,94.2
6110,ROOSEVELT MIDDLE SCHOOL,7,8,2011-2012,92.3,321,32,20,93.6,93.6
6110,ROOSEVELT MIDDLE SCHOOL,7,8,2012-2013,93.3,317,12,19,,
6200,ANNA B. DAY SCHOOL,0,8,2008-2009,94.6,515,88,94,96.1,94.3
6200,ANNA B. DAY SCHOOL,0,8,2009-2010,95.4,526,88,80,96.7,94.3
6200,ANNA B. DAY SCHOOL,0,8,2010-2011,94.9,501,91,114,97.3,94.2
6200,ANNA B. DAY SCHOOL,0,8,2011-2012,96.6,474,31,47,93.7,93.6
6200,ANNA B. DAY SCHOOL,0,8,2012-2013,96.9,471,78,33,,
6210,FRANKLIN S. EDMONDS SCHOOL,0,6,2008-2009,95.2,576,67,50,93.4,94.3
6210,FRANKLIN S. EDMONDS SCHOOL,0,6,2009-2010,95.7,605,64,54,98.2,94.3
6210,FRANKLIN S. EDMONDS SCHOOL,0,6,2010-2011,97,617,64,72,97.5,94.2
6210,FRANKLIN S. EDMONDS SCHOOL,0,6,2011-2012,97.3,548,26,19,97.3,93.6
6210,FRANKLIN S. EDMONDS SCHOOL,0,6,2012-2013,97,562,130,33,,
6220,ELEANOR C. EMLEN SCHOOL,0,6,2008-2009,91.7,550,107,85,95.4,94.3
6220,ELEANOR C. EMLEN SCHOOL,0,6,2009-2010,93.4,565,86,75,93.5,94.3
6220,ELEANOR C. EMLEN SCHOOL,0,6,2010-2011,92.2,600,101,85,93.3,94.2
6220,ELEANOR C. EMLEN SCHOOL,0,6,2011-2012,94.5,606,44,33,92.6,93.6
6220,ELEANOR C. EMLEN SCHOOL,0,6,2012-2013,95.8,617,139,17,,
6230,FITLER ACADEMICS PLUS,1,8,2008-2009,93.8,342,8,27,89.7,94.3
6230,FITLER ACADEMICS PLUS,1,8,2009-2010,95,326,9,18,94.8,94.3
6230,FITLER ACADEMICS PLUS,1,8,2010-2011,95.1,333,9,37,93.2,94.2
6230,FITLER ACADEMICS PLUS,1,8,2011-2012,95.9,312,3,12,89.2,93.6
6230,FITLER ACADEMICS PLUS,1,8,2012-2013,94.6,287,5,19,,
6240,ROBERT FULTON SCHOOL,0,6,2008-2009,92.3,352,83,75,95.8,94.3
6240,ROBERT FULTON SCHOOL,0,6,2009-2010,93.8,339,71,54,94.4,94.3
6240,ROBERT FULTON SCHOOL,0,6,2010-2011,92.1,349,71,57,95.1,94.2
6240,ROBERT FULTON SCHOOL,0,6,2011-2012,94.7,351,29,17,92.4,93.6
6240,ROBERT FULTON SCHOOL,0,6,2012-2013,94.2,367,75,19,,
6250,CHARLES W HENRY SCHOOL,0,8,2008-2009,94.4,505,19,37,95.6,94.3
6250,CHARLES W HENRY SCHOOL,0,8,2009-2010,94.8,511,15,51,91.6,94.3
6250,CHARLES W HENRY SCHOOL,0,8,2010-2011,94.9,438,13,22,94.3,94.2
6250,CHARLES W HENRY SCHOOL,0,8,2011-2012,97.3,434,7,6,92.5,93.6
6250,CHARLES W HENRY SCHOOL,0,8,2012-2013,93.8,429,79,32,,
6260,HENRY H. HOUSTON SCHOOL,0,8,2008-2009,92.7,458,49,30,93.2,94.3
6260,HENRY H. HOUSTON SCHOOL,0,8,2009-2010,93.4,519,31,33,93,94.3
6260,HENRY H. HOUSTON SCHOOL,0,8,2010-2011,93.2,476,37,41,92.4,94.2
6260,HENRY H. HOUSTON SCHOOL,0,8,2011-2012,95.5,506,16,18,93.2,93.6
6260,HENRY H. HOUSTON SCHOOL,0,8,2012-2013,95.5,464,63,20,,
6270,JOHN STORY JENKS SCHOOL,0,8,2008-2009,95.1,465,23,18,94.6,94.3
6270,JOHN STORY JENKS SCHOOL,0,8,2009-2010,96.1,463,23,29,96.5,94.3
6270,JOHN STORY JENKS SCHOOL,0,8,2010-2011,96.2,509,25,34,97.3,94.2
6270,JOHN STORY JENKS SCHOOL,0,8,2011-2012,97.7,491,6,9,96.9,93.6
6270,JOHN STORY JENKS SCHOOL,0,8,2012-2013,97.4,480,67,19,,
6280,JOHN L. KINSEY SCHOOL,0,8,2008-2009,91.7,500,98,116,95.3,94.3
6280,JOHN L. KINSEY SCHOOL,0,8,2009-2010,92.5,483,82,86,93.7,94.3
6280,JOHN L. KINSEY SCHOOL,0,8,2010-2011,92,501,88,89,94.6,94.2
6280,JOHN L. KINSEY SCHOOL,0,8,2011-2012,95,461,26,20,92,93.6
6280,JOHN L. KINSEY SCHOOL,0,8,2012-2013,94.5,487,89,11,,
6300,LOGAN SCHOOL,0,6,2008-2009,91.9,436,60,55,95.3,94.3
6300,LOGAN SCHOOL,0,6,2009-2010,93.3,397,58,45,94.8,94.3
6300,LOGAN SCHOOL,0,6,2010-2011,93.3,398,57,38,95.3,94.2
6300,LOGAN SCHOOL,0,6,2011-2012,94.3,365,13,24,95.9,93.6
6300,LOGAN SCHOOL,0,6,2012-2013,95.3,353,66,11,,
6310,MCCLOSKEY SCHOOL,0,6,2008-2009,93.2,338,25,28,95.9,94.3
6310,MCCLOSKEY SCHOOL,0,6,2009-2010,93.8,356,37,28,95.7,94.3
6310,MCCLOSKEY SCHOOL,0,6,2010-2011,94.8,386,37,43,91.2,94.2
6310,MCCLOSKEY SCHOOL,0,6,2011-2012,96.3,401,16,21,94.9,93.6
6310,MCCLOSKEY SCHOOL,0,6,2012-2013,96.6,385,64,13,,
6320,MIFFLIN SCHOOL,0,8,2008-2009,91.9,281,24,35,87.8,94.3
6320,MIFFLIN SCHOOL,0,8,2009-2010,93,267,26,36,91.2,94.3
6320,MIFFLIN SCHOOL,0,8,2010-2011,93.2,234,31,32,92,94.2
6320,MIFFLIN SCHOOL,0,8,2011-2012,95.3,237,5,9,95.3,93.6
6320,MIFFLIN SCHOOL,0,8,2012-2013,96.3,287,58,12,,
6330,PASTORIUS SCHOOL,0,8,2008-2009,88.3,690,138,169,94.2,94.3
6330,PASTORIUS SCHOOL,0,8,2009-2010,89.6,646,119,143,93.1,94.3
6330,PASTORIUS SCHOOL,0,8,2010-2011,89.5,602,113,187,90.3,94.2
6330,PASTORIUS SCHOOL,0,8,2011-2012,90.8,483,37,27,92.7,93.6
6330,PASTORIUS SCHOOL,0,8,2012-2013,93.4,515,100,12,,
6340,JOSEPH PENNELL ELEMENTARY,0,6,2008-2009,93,415,40,59,92.8,94.3
6340,JOSEPH PENNELL ELEMENTARY,0,6,2009-2010,93.8,409,44,36,91,94.3
6340,JOSEPH PENNELL ELEMENTARY,0,6,2010-2011,93.1,436,76,59,92.2,94.2
6340,JOSEPH PENNELL ELEMENTARY,0,6,2011-2012,95.3,432,22,20,93.9,93.6
6340,JOSEPH PENNELL ELEMENTARY,0,6,2012-2013,94.6,393,85,16,,
6350,PENNYPACKER SCHOOL,0,6,2008-2009,94.5,446,65,60,94.5,94.3
6350,PENNYPACKER SCHOOL,0,6,2009-2010,94.1,447,95,77,94.6,94.3
6350,PENNYPACKER SCHOOL,0,6,2010-2011,93.1,470,82,56,94.4,94.2
6350,PENNYPACKER SCHOOL,0,6,2011-2012,94.2,488,23,36,94.7,93.6
6350,PENNYPACKER SCHOOL,0,6,2012-2013,94.7,484,82,29,,
6380,SHAWMONT SCHOOL,0,8,2008-2009,93.1,545,38,26,96.4,94.3
6380,SHAWMONT SCHOOL,0,8,2009-2010,94.5,587,23,31,90.8,94.3
6380,SHAWMONT SCHOOL,0,8,2010-2011,93.9,590,28,20,96.2,94.2
6380,SHAWMONT SCHOOL,0,8,2011-2012,96.5,585,14,14,90.3,93.6
6380,SHAWMONT SCHOOL,0,8,2012-2013,96.8,608,87,18,,
6390,EDWARD T STEEL SCHOOL,0,8,2008-2009,92.9,498,99,91,96.7,94.3
6390,EDWARD T STEEL SCHOOL,0,8,2009-2010,94.1,559,71,93,93.7,94.3
6390,EDWARD T STEEL SCHOOL,0,8,2010-2011,92.1,561,105,87,92,94.2
6390,EDWARD T STEEL SCHOOL,0,8,2011-2012,93.6,507,32,36,96.3,93.6
6390,EDWARD T STEEL SCHOOL,0,8,2012-2013,94.3,524,121,34,,
6400,WIDENER MEMORIAL SCHOOL,0,12,2008-2009,87.4,181,14,12,96,94.3
6400,WIDENER MEMORIAL SCHOOL,0,12,2009-2010,86.1,185,15,10,96.7,94.3
6400,WIDENER MEMORIAL SCHOOL,0,12,2010-2011,86.8,179,12,4,94.5,94.2
6400,WIDENER MEMORIAL SCHOOL,0,12,2011-2012,85.4,172,5,0,93.8,93.6
6400,WIDENER MEMORIAL SCHOOL,0,12,2012-2013,84,176,9,4,,
6410,COOK-WISSAHICKON SCHOOL,0,8,2008-2009,95.2,386,32,39,95.1,94.3
6410,COOK-WISSAHICKON SCHOOL,0,8,2009-2010,95.6,417,28,34,95.6,94.3
6410,COOK-WISSAHICKON SCHOOL,0,8,2010-2011,94.6,429,14,26,91.4,94.2
6410,COOK-WISSAHICKON SCHOOL,0,8,2011-2012,95.7,485,7,17,93.5,93.6
6410,COOK-WISSAHICKON SCHOOL,0,8,2012-2013,94.4,522,76,37,,
6430,JOHN WISTER SCHOOL,0,6,2008-2009,91.4,415,76,83,94.8,94.3
6430,JOHN WISTER SCHOOL,0,6,2009-2010,91.8,423,71,100,94.6,94.3
6430,JOHN WISTER SCHOOL,0,6,2010-2011,92.5,389,90,71,92.5,94.2
6430,JOHN WISTER SCHOOL,0,6,2011-2012,92,421,20,36,93.7,93.6
6430,JOHN WISTER SCHOOL,0,6,2012-2013,94.1,454,90,19,,
6440,ANNA L. LINGELBACH SCHOOL,0,8,2008-2009,94.3,363,26,34,93.9,94.3
6440,ANNA L. LINGELBACH SCHOOL,0,8,2009-2010,94.4,395,35,34,95.2,94.3
6440,ANNA L. LINGELBACH SCHOOL,0,8,2010-2011,94.5,417,39,32,91.8,94.2
6440,ANNA L. LINGELBACH SCHOOL,0,8,2011-2012,95.7,404,17,23,93.6,93.6
6440,ANNA L. LINGELBACH SCHOOL,0,8,2012-2013,95.8,426,68,19,,
6450,JAMES DOBSON SCHOOL,0,8,2008-2009,94.8,263,9,12,96.4,94.3
6450,JAMES DOBSON SCHOOL,0,8,2009-2010,95.2,267,11,7,97.2,94.3
6450,JAMES DOBSON SCHOOL,0,8,2010-2011,95.1,255,9,19,95,94.2
6450,JAMES DOBSON SCHOOL,0,8,2011-2012,96.8,259,5,5,93.2,93.6
6450,JAMES DOBSON SCHOOL,0,8,2012-2013,94.9,283,46,6,,
6460,HILL-FREEDMAN MIDDLE SCHOOL,6,8,2008-2009,95.6,230,4,5,92.3,94.3
6460,HILL-FREEDMAN MIDDLE SCHOOL,6,8,2009-2010,95.2,210,12,0,93.1,94.3
6460,HILL-FREEDMAN MIDDLE SCHOOL,6,8,2010-2011,95.1,214,6,9,96.9,94.2
6460,HILL-FREEDMAN MIDDLE SCHOOL,6,8,2011-2012,96.6,224,3,2,91.2,93.6
6460,HILL-FREEDMAN MIDDLE SCHOOL,6,8,2012-2013,95.3,240,2,0,,
6470,JOHN B. KELLY SCHOOL,0,6,2008-2009,92.2,885,169,172,92.4,94.3
6470,JOHN B. KELLY SCHOOL,0,6,2009-2010,91.6,908,130,177,94.2,94.3
6470,JOHN B. KELLY SCHOOL,0,6,2010-2011,91.4,850,136,147,94.7,94.2
6470,JOHN B. KELLY SCHOOL,0,6,2011-2012,94.8,777,49,59,94.9,93.6
6470,JOHN B. KELLY SCHOOL,0,6,2012-2013,95.2,788,204,33,,
6480,AMY NORTHWEST,6,8,2008-2009,95.6,240,2,4,97.8,94.3
6480,AMY NORTHWEST,6,8,2009-2010,95.9,239,2,6,97.5,94.3
6480,AMY NORTHWEST,6,8,2010-2011,95.5,244,1,4,97,94.2
6480,AMY NORTHWEST,6,8,2011-2012,97.6,209,5,0,94.1,93.6
6480,AMY NORTHWEST,6,8,2012-2013,97.2,271,4,5,,
6540,LANKENAU HIGH SCHOOL,9,12,2008-2009,91,298,5,13,96.4,94.3
6540,LANKENAU HIGH SCHOOL,9,12,2009-2010,93.3,301,5,8,97.4,94.3
6540,LANKENAU HIGH SCHOOL,9,12,2010-2011,93,273,6,15,95.1,94.2
6540,LANKENAU HIGH SCHOOL,9,12,2011-2012,94.6,283,0,3,90.5,93.6
6540,LANKENAU HIGH SCHOOL,9,12,2012-2013,95.3,322,2,2,,
7010,FRANKFORD HIGH SCHOOL,9,12,2008-2009,76.9,1996,422,689,95,94.3
7010,FRANKFORD HIGH SCHOOL,9,12,2009-2010,79.6,1795,259,277,93.2,94.3
7010,FRANKFORD HIGH SCHOOL,9,12,2010-2011,75,1793,268,449,91.4,94.2
7010,FRANKFORD HIGH SCHOOL,9,12,2011-2012,77.4,1622,93,157,92.7,93.6
7010,FRANKFORD HIGH SCHOOL,9,12,2012-2013,84.5,1377,147,37,,
7100,COOKE ELEMENTARY SCHOOL,0,8,2008-2009,92,491,101,122,96.9,94.3
7100,COOKE ELEMENTARY SCHOOL,0,8,2009-2010,94,455,72,64,95,94.3
7100,COOKE ELEMENTARY SCHOOL,0,8,2010-2011,93.4,462,101,96,94.7,94.2
7100,COOKE ELEMENTARY SCHOOL,0,8,2011-2012,94.7,453,33,16,96.2,93.6
7100,COOKE ELEMENTARY SCHOOL,0,8,2012-2013,95.3,405,70,16,,
7110,HARDING MIDDLE SCHOOL,6,8,2008-2009,86.5,884,174,216,92.1,94.3
7110,HARDING MIDDLE SCHOOL,6,8,2009-2010,89.1,854,150,157,94.6,94.3
7110,HARDING MIDDLE SCHOOL,6,8,2010-2011,90,829,136,212,90.1,94.2
7110,HARDING MIDDLE SCHOOL,6,8,2011-2012,92.6,695,38,30,91.5,93.6
7110,HARDING MIDDLE SCHOOL,6,8,2012-2013,93.2,590,24,18,,
7120,SAMUEL S. FELS HIGH SCHOOL,9,12,2008-2009,76.6,1571,240,476,95.2,94.3
7120,SAMUEL S. FELS HIGH SCHOOL,9,12,2009-2010,82,1653,281,349,94.3,94.3
7120,SAMUEL S. FELS HIGH SCHOOL,9,12,2010-2011,80.8,1548,246,377,93.3,94.2
7120,SAMUEL S. FELS HIGH SCHOOL,9,12,2011-2012,89.3,1340,67,71,93,93.6
7120,SAMUEL S. FELS HIGH SCHOOL,9,12,2012-2013,88.2,1370,63,41,,
7130,WAGNER MIDDLE SCHOOL,6,8,2008-2009,91.6,564,77,57,95.7,94.3
7130,WAGNER MIDDLE SCHOOL,6,8,2009-2010,93,564,68,63,95.3,94.3
7130,WAGNER MIDDLE SCHOOL,6,8,2010-2011,92,562,57,70,92.1,94.2
7130,WAGNER MIDDLE SCHOOL,6,8,2011-2012,94.1,540,18,19,93.7,93.6
7130,WAGNER MIDDLE SCHOOL,6,8,2012-2013,93.5,467,15,29,,
7150,JUNIATA PARK ACADEMY,0,8,2008-2009,93.5,967,109,140,94.5,94.3
7150,JUNIATA PARK ACADEMY,0,8,2009-2010,94.5,1015,81,79,96.1,94.3
7150,JUNIATA PARK ACADEMY,0,8,2010-2011,93.4,1088,90,80,95.9,94.2
7150,JUNIATA PARK ACADEMY,0,8,2011-2012,95.3,1106,42,36,94.2,93.6
7150,JUNIATA PARK ACADEMY,0,8,2012-2013,96.6,1076,159,12,,
7200,BARTON SCHOOL,0,2,2008-2009,91.9,666,90,78,94.9,94.3
7200,BARTON SCHOOL,0,2,2009-2010,92.4,671,89,83,93.7,94.3
7200,BARTON SCHOOL,0,2,2010-2011,92.5,712,126,87,94.1,94.2
7200,BARTON SCHOOL,0,2,2011-2012,95.3,745,33,25,93.5,93.6
7200,BARTON SCHOOL,0,2,2012-2013,95.6,807,327,34,,
7220,CARNELL SCHOOL,0,8,2008-2009,91.5,1452,230,252,92.6,94.3
7220,CARNELL SCHOOL,0,8,2009-2010,92.6,1553,242,205,93.1,94.3
7220,CARNELL SCHOOL,0,8,2010-2011,92.5,1637,225,256,94,94.2
7220,CARNELL SCHOOL,0,8,2011-2012,93.6,1638,71,55,90.1,93.6
7220,CARNELL SCHOOL,0,8,2012-2013,94.5,1583,278,30,,
7260,ELLWOOD SCHOOL,0,5,2008-2009,94.3,425,69,67,95.8,94.3
7260,ELLWOOD SCHOOL,0,5,2009-2010,94.8,407,62,47,94.9,94.3
7260,ELLWOOD SCHOOL,0,5,2010-2011,94.6,408,39,33,96.1,94.2
7260,ELLWOOD SCHOOL,0,5,2011-2012,95.4,348,19,7,94.5,93.6
7260,ELLWOOD SCHOOL,0,5,2012-2013,95.9,337,64,9,,
7270,FINLETTER ACADEMICS PLUS SCH,0,8,2008-2009,92.5,873,87,84,93.5,94.3
7270,FINLETTER ACADEMICS PLUS SCH,0,8,2009-2010,93.5,880,72,69,89.4,94.3
7270,FINLETTER ACADEMICS PLUS SCH,0,8,2010-2011,94.1,861,64,83,94.2,94.2
7270,FINLETTER ACADEMICS PLUS SCH,0,8,2011-2012,96.3,848,17,16,95.3,93.6
7270,FINLETTER ACADEMICS PLUS SCH,0,8,2012-2013,96.2,827,133,23,,
7280,FRANKLIN ACADEMICS PLUS SCHOOL,0,8,2008-2009,93,1103,168,149,91.2,94.3
7280,FRANKLIN ACADEMICS PLUS SCHOOL,0,8,2009-2010,94.1,1090,162,171,94.3,94.3
7280,FRANKLIN ACADEMICS PLUS SCHOOL,0,8,2010-2011,93.7,1059,157,132,93.7,94.2
7280,FRANKLIN ACADEMICS PLUS SCHOOL,0,8,2011-2012,96.3,1027,28,33,91.1,93.6
7280,FRANKLIN ACADEMICS PLUS SCHOOL,0,8,2012-2013,96.2,999,158,30,,
7290,ALLEN M. STEARNE SCHOOL,0,6,2008-2009,90.2,413,68,70,96.2,94.3
7290,ALLEN M. STEARNE SCHOOL,0,6,2009-2010,92,401,92,57,93.1,94.3
7290,ALLEN M. STEARNE SCHOOL,0,6,2010-2011,90.8,470,118,92,96.2,94.2
7290,ALLEN M. STEARNE SCHOOL,0,6,2011-2012,94.8,453,35,23,93.3,93.6
7290,ALLEN M. STEARNE SCHOOL,0,6,2012-2013,93.8,453,82,19,,
7300,FRANCIS HOPKINSON SCHOOL,0,8,2008-2009,91.9,942,129,129,94.8,94.3
7300,FRANCIS HOPKINSON SCHOOL,0,8,2009-2010,93,953,121,137,95.2,94.3
7300,FRANCIS HOPKINSON SCHOOL,0,8,2010-2011,92,874,124,100,95,94.2
7300,FRANCIS HOPKINSON SCHOOL,0,8,2011-2012,94.9,894,23,35,91.7,93.6
7300,FRANCIS HOPKINSON SCHOOL,0,8,2012-2013,95.3,921,143,23,,
7310,FELTONVILLE INTERMEDIATE,3,5,2008-2009,92.8,730,96,83,94,94.3
7310,FELTONVILLE INTERMEDIATE,3,5,2009-2010,93.9,707,77,84,94.7,94.3
7310,FELTONVILLE INTERMEDIATE,3,5,2010-2011,93.3,669,87,73,95.1,94.2
7310,FELTONVILLE INTERMEDIATE,3,5,2011-2012,95.9,680,17,19,90,93.6
7310,FELTONVILLE INTERMEDIATE,3,5,2012-2013,96.1,625,18,16,,
7320,HOWE ACADEMICS PLUS SCHOOL,0,5,2008-2009,93,288,47,61,96.1,94.3
7320,HOWE ACADEMICS PLUS SCHOOL,0,5,2009-2010,92.9,305,51,40,94,94.3
7320,HOWE ACADEMICS PLUS SCHOOL,0,5,2010-2011,92.7,317,44,60,91.3,94.2
7320,HOWE ACADEMICS PLUS SCHOOL,0,5,2011-2012,95.5,293,14,13,91.8,93.6
7320,HOWE ACADEMICS PLUS SCHOOL,0,5,2012-2013,93.7,281,56,15,,
7330,HENRY W. LAWTON SCHOOL,0,6,2008-2009,91.7,715,96,72,92.8,94.3
7330,HENRY W. LAWTON SCHOOL,0,6,2009-2010,92.4,804,98,65,94.8,94.3
7330,HENRY W. LAWTON SCHOOL,0,6,2010-2011,92.3,853,86,97,92,94.2
7330,HENRY W. LAWTON SCHOOL,0,6,2011-2012,94.5,859,22,22,95,93.6
7330,HENRY W. LAWTON SCHOOL,0,6,2012-2013,94.9,823,161,31,,
7350,JAMES R. LOWELL SCHOOL,0,4,2008-2009,92.4,1013,98,118,94.1,94.3
7350,JAMES R. LOWELL SCHOOL,0,4,2009-2010,94.5,958,108,85,92.5,94.3
7350,JAMES R. LOWELL SCHOOL,0,4,2010-2011,93.5,982,129,99,93.1,94.2
7350,JAMES R. LOWELL SCHOOL,0,4,2011-2012,96.4,981,42,27,95,93.6
7350,JAMES R. LOWELL SCHOOL,0,4,2012-2013,95.8,961,240,15,,
7360,JOHN MARSHALL SCHOOL,0,5,2008-2009,89.8,459,79,115,92.7,94.3
7360,JOHN MARSHALL SCHOOL,0,5,2009-2010,91.7,389,81,53,93.3,94.3
7360,JOHN MARSHALL SCHOOL,0,5,2010-2011,91.1,397,85,96,87.5,94.2
7360,JOHN MARSHALL SCHOOL,0,5,2011-2012,94.1,414,25,17,87.1,93.6
7360,JOHN MARSHALL SCHOOL,0,5,2012-2013,93.3,399,94,14,,
7370,GROVER WASHINGTON JR. MIDDLE,5,8,2008-2009,92,864,97,87,94.4,94.3
7370,GROVER WASHINGTON JR. MIDDLE,5,8,2009-2010,93.3,815,64,61,94,94.3
7370,GROVER WASHINGTON JR. MIDDLE,5,8,2010-2011,93.9,758,62,55,93.2,94.2
7370,GROVER WASHINGTON JR. MIDDLE,5,8,2011-2012,95.8,713,24,12,95.4,93.6
7370,GROVER WASHINGTON JR. MIDDLE,5,8,2012-2013,96.2,655,14,10,,
7380,ALEXANDER MCCLURE SCHOOL,0,5,2008-2009,91.8,484,79,73,95.2,94.3
7380,ALEXANDER MCCLURE SCHOOL,0,5,2009-2010,92.2,482,84,62,91.9,94.3
7380,ALEXANDER MCCLURE SCHOOL,0,5,2010-2011,91.3,462,112,61,94.9,94.2
7380,ALEXANDER MCCLURE SCHOOL,0,5,2011-2012,94.6,481,40,19,89.9,93.6
7380,ALEXANDER MCCLURE SCHOOL,0,5,2012-2013,95.3,559,123,26,,
7390,ANDREW J. MORRISON SCHOOL,0,8,2008-2009,92.2,766,102,101,94.7,94.3
7390,ANDREW J. MORRISON SCHOOL,0,8,2009-2010,93.1,756,100,83,91.9,94.3
7390,ANDREW J. MORRISON SCHOOL,0,8,2010-2011,91.9,725,101,107,87.5,94.2
7390,ANDREW J. MORRISON SCHOOL,0,8,2011-2012,94.4,679,41,20,94,93.6
7390,ANDREW J. MORRISON SCHOOL,0,8,2012-2013,95.9,649,116,29,,
7400,OLNEY ELEMENTARY SCHOOL,0,8,2008-2009,95.1,813,87,88,96,94.3
7400,OLNEY ELEMENTARY SCHOOL,0,8,2009-2010,95.2,832,90,67,94.5,94.3
7400,OLNEY ELEMENTARY SCHOOL,0,8,2010-2011,94.6,789,97,95,94.1,94.2
7400,OLNEY ELEMENTARY SCHOOL,0,8,2011-2012,95.1,791,36,22,94.1,93.6
7400,OLNEY ELEMENTARY SCHOOL,0,8,2012-2013,94.1,824,144,48,,
7430,JAMES J. SULLIVAN SCHOOL,0,5,2008-2009,90.5,707,119,111,93.1,94.3
7430,JAMES J. SULLIVAN SCHOOL,0,5,2009-2010,91.2,668,129,100,91.7,94.3
7430,JAMES J. SULLIVAN SCHOOL,0,5,2010-2011,90.8,635,89,96,94.1,94.2
7430,JAMES J. SULLIVAN SCHOOL,0,5,2011-2012,94.5,644,38,26,94,93.6
7430,JAMES J. SULLIVAN SCHOOL,0,5,2012-2013,94.4,657,178,22,,
7440,BAYARD TAYLOR SCHOOL,0,5,2008-2009,91.3,601,105,103,91.3,94.3
7440,BAYARD TAYLOR SCHOOL,0,5,2009-2010,93.2,538,86,59,94.6,94.3
7440,BAYARD TAYLOR SCHOOL,0,5,2010-2011,91.8,583,80,100,96.1,94.2
7440,BAYARD TAYLOR SCHOOL,0,5,2011-2012,95.3,509,29,19,94,93.6
7440,BAYARD TAYLOR SCHOOL,0,5,2012-2013,94.2,557,110,17,,
7460,WILLIAM H. ZIEGLER SCHOOL,0,8,2008-2009,93.4,477,70,50,94.4,94.3
7460,WILLIAM H. ZIEGLER SCHOOL,0,8,2009-2010,94.2,545,64,55,93.5,94.3
7460,WILLIAM H. ZIEGLER SCHOOL,0,8,2010-2011,93,535,82,58,94.5,94.2
7460,WILLIAM H. ZIEGLER SCHOOL,0,8,2011-2012,95.5,534,13,19,92.9,93.6
7460,WILLIAM H. ZIEGLER SCHOOL,0,8,2012-2013,96,520,107,21,,
7470,BRIDESBURG SCHOOL,0,5,2008-2009,93.8,445,46,60,91.5,94.3
7470,BRIDESBURG SCHOOL,0,5,2009-2010,94.2,424,28,31,94.9,94.3
7470,BRIDESBURG SCHOOL,0,5,2010-2011,93.3,451,19,25,96.1,94.2
7470,BRIDESBURG SCHOOL,0,5,2011-2012,95.4,424,9,11,91.4,93.6
7470,BRIDESBURG SCHOOL,0,5,2012-2013,94.8,399,92,9,,
7490,PRINCE HALL SCHOOL,0,5,2008-2009,94.3,451,41,33,92.9,94.3
7490,PRINCE HALL SCHOOL,0,5,2009-2010,94.2,435,43,31,94.2,94.3
7490,PRINCE HALL SCHOOL,0,5,2010-2011,93.4,427,45,42,95.3,94.2
7490,PRINCE HALL SCHOOL,0,5,2011-2012,95.3,432,17,15,93.7,93.6
7490,PRINCE HALL SCHOOL,0,5,2012-2013,97,386,91,18,,
7500,FELTONVILLE ARTS & SCIENCES,6,8,2008-2009,91.1,715,94,85,94.4,94.3
7500,FELTONVILLE ARTS & SCIENCES,6,8,2009-2010,92.2,731,67,104,93.7,94.3
7500,FELTONVILLE ARTS & SCIENCES,6,8,2010-2011,91.5,683,82,98,92,94.2
7500,FELTONVILLE ARTS & SCIENCES,6,8,2011-2012,94.5,653,15,17,91.3,93.6
7500,FELTONVILLE ARTS & SCIENCES,6,8,2012-2013,94.4,610,19,18,,
7510,MARY BETHUNE SCHOOL,0,8,2008-2009,91.4,653,114,120,94.4,94.3
7510,MARY BETHUNE SCHOOL,0,8,2009-2010,93,665,68,95,95,94.3
7510,MARY BETHUNE SCHOOL,0,8,2010-2011,92.2,639,85,83,91,94.2
7510,MARY BETHUNE SCHOOL,0,8,2011-2012,94,650,20,28,93.7,93.6
7510,MARY BETHUNE SCHOOL,0,8,2012-2013,94.1,704,146,34,,
7530,ROWEN SCHOOL,0,5,2008-2009,93.4,476,63,42,91.8,94.3
7530,ROWEN SCHOOL,0,5,2009-2010,94.7,452,52,50,93.5,94.3
7530,ROWEN SCHOOL,0,5,2010-2011,94.2,463,41,53,92.1,94.2
7530,ROWEN SCHOOL,0,5,2011-2012,96.6,419,20,19,95,93.6
7530,ROWEN SCHOOL,0,5,2012-2013,96.4,448,101,7,,
7730,ROBERTO CLEMENTE MIDDLE SCHOOL,6,8,2008-2009,88.1,694,109,120,93,94.3
7730,ROBERTO CLEMENTE MIDDLE SCHOOL,6,8,2009-2010,89.9,694,97,108,92.3,94.3
7730,ROBERTO CLEMENTE MIDDLE SCHOOL,6,8,2010-2011,90,708,98,115,96.4,94.2
7730,ROBERTO CLEMENTE MIDDLE SCHOOL,6,8,2011-2012,92.6,662,27,30,91.5,93.6
7730,ROBERTO CLEMENTE MIDDLE SCHOOL,6,8,2012-2013,91.8,548,19,13,,
8010,ABRAHAM LINCOLN HIGH,9,12,2008-2009,78.1,1778,395,570,95.4,94.3
8010,ABRAHAM LINCOLN HIGH,9,12,2009-2010,83.8,1762,266,354,94.9,94.3
8010,ABRAHAM LINCOLN HIGH,9,12,2010-2011,82,1794,281,474,93.4,94.2
8010,ABRAHAM LINCOLN HIGH,9,12,2011-2012,88.1,1801,87,48,92.9,93.6
8010,ABRAHAM LINCOLN HIGH,9,12,2012-2013,86.7,1794,89,71,,
8020,NORTHEAST HIGH SCHOOL,9,12,2008-2009,86.1,3108,221,283,94.3,94.3
8020,NORTHEAST HIGH SCHOOL,9,12,2009-2010,88.8,3218,243,289,93.5,94.3
8020,NORTHEAST HIGH SCHOOL,9,12,2010-2011,86.6,3305,232,415,92.2,94.2
8020,NORTHEAST HIGH SCHOOL,9,12,2011-2012,92.7,3110,62,117,93.8,93.6
8020,NORTHEAST HIGH SCHOOL,9,12,2012-2013,92.2,2964,62,94,,
8030,GEORGE WASHINGTON HIGH,9,12,2008-2009,86.1,2082,234,287,94.4,94.3
8030,GEORGE WASHINGTON HIGH,9,12,2009-2010,87.8,2189,183,257,93.1,94.3
8030,GEORGE WASHINGTON HIGH,9,12,2010-2011,87.6,2035,194,216,96.2,94.2
8030,GEORGE WASHINGTON HIGH,9,12,2011-2012,90,1933,49,59,94.7,93.6
8030,GEORGE WASHINGTON HIGH,9,12,2012-2013,91,1875,40,46,,
8040,ARTS ACADEMY AT BENJAMIN RUSH,9,12,2008-2009,94.3,121,4,6,95.8,94.3
8040,ARTS ACADEMY AT BENJAMIN RUSH,9,12,2009-2010,95,252,3,9,97.5,94.3
8040,ARTS ACADEMY AT BENJAMIN RUSH,9,12,2010-2011,93.8,380,25,16,97.8,94.2
8040,ARTS ACADEMY AT BENJAMIN RUSH,9,12,2011-2012,96,510,0,7,96.1,93.6
8040,ARTS ACADEMY AT BENJAMIN RUSH,9,12,2012-2013,96.4,558,1,4,,
8090,SWENSON ARTS/TECH HIGH SCHOOL,9,12,2008-2009,89.8,747,7,21,94.4,94.3
8090,SWENSON ARTS/TECH HIGH SCHOOL,9,12,2009-2010,91.6,792,10,21,93.7,94.3
8090,SWENSON ARTS/TECH HIGH SCHOOL,9,12,2010-2011,91.4,794,9,29,92.9,94.2
8090,SWENSON ARTS/TECH HIGH SCHOOL,9,12,2011-2012,95.1,743,2,8,94.1,93.6
8090,SWENSON ARTS/TECH HIGH SCHOOL,9,12,2012-2013,95.7,694,0,1,,
8120,WOODROW WILSON MIDDLE SCHOOL,6,8,2008-2009,93.4,1131,110,114,94.1,94.3
8120,WOODROW WILSON MIDDLE SCHOOL,6,8,2009-2010,93.6,1182,97,67,96,94.3
8120,WOODROW WILSON MIDDLE SCHOOL,6,8,2010-2011,92.8,1201,123,115,95.6,94.2
8120,WOODROW WILSON MIDDLE SCHOOL,6,8,2011-2012,94.7,1201,35,28,93.5,93.6
8120,WOODROW WILSON MIDDLE SCHOOL,6,8,2012-2013,95.5,1165,15,22,,
8140,AUSTIN MEEHAN MIDDLE SCHOOL,7,8,2008-2009,89.6,702,96,99,95.8,94.3
8140,AUSTIN MEEHAN MIDDLE SCHOOL,7,8,2009-2010,91,625,51,64,95.8,94.3
8140,AUSTIN MEEHAN MIDDLE SCHOOL,7,8,2010-2011,91.1,576,72,76,92.4,94.2
8140,AUSTIN MEEHAN MIDDLE SCHOOL,7,8,2011-2012,92.8,600,25,23,91.7,93.6
8140,AUSTIN MEEHAN MIDDLE SCHOOL,7,8,2012-2013,94.5,581,10,12,,
8160,BALDI MIDDLE SCHOOL,6,8,2008-2009,93.2,1303,78,131,96,94.3
8160,BALDI MIDDLE SCHOOL,6,8,2009-2010,94.2,1307,55,133,95.2,94.3
8160,BALDI MIDDLE SCHOOL,6,8,2010-2011,93.6,1276,69,149,94.5,94.2
8160,BALDI MIDDLE SCHOOL,6,8,2011-2012,96,1265,16,65,95.7,93.6
8160,BALDI MIDDLE SCHOOL,6,8,2012-2013,95.9,1223,15,30,,
8180,JOHN HANCOCK SCHOOL,0,5,2008-2009,94.2,480,33,19,95.7,94.3
8180,JOHN HANCOCK SCHOOL,0,5,2009-2010,94.2,497,30,35,94.3,94.3
8180,JOHN HANCOCK SCHOOL,0,5,2010-2011,94.6,489,29,22,93,94.2
8180,JOHN HANCOCK SCHOOL,0,5,2011-2012,96.9,506,4,8,96.1,93.6
8180,JOHN HANCOCK SCHOOL,0,5,2012-2013,96.6,492,89,7,,
8200,ETHAN ALLEN SCHOOL,0,8,2008-2009,92.5,943,104,102,92.6,94.3
8200,ETHAN ALLEN SCHOOL,0,8,2009-2010,93.1,907,110,98,92.3,94.3
8200,ETHAN ALLEN SCHOOL,0,8,2010-2011,91.9,912,119,108,93,94.2
8200,ETHAN ALLEN SCHOOL,0,8,2011-2012,95.1,848,40,33,93.5,93.6
8200,ETHAN ALLEN SCHOOL,0,8,2012-2013,95.2,873,139,34,,
8210,J. BROWN ACADEMICS PLUS SCHOOL,0,6,2008-2009,93,578,95,110,93.1,94.3
8210,J. BROWN ACADEMICS PLUS SCHOOL,0,6,2009-2010,93.5,544,61,70,93.7,94.3
8210,J. BROWN ACADEMICS PLUS SCHOOL,0,6,2010-2011,92.7,528,61,62,95.4,94.2
8210,J. BROWN ACADEMICS PLUS SCHOOL,0,6,2011-2012,94.4,561,15,13,95.4,93.6
8210,J. BROWN ACADEMICS PLUS SCHOOL,0,6,2012-2013,94.3,528,110,16,,
8230,CROSSAN ACADEMICS PLUS SCHOOL,0,5,2008-2009,93.9,356,22,26,95.2,94.3
8230,CROSSAN ACADEMICS PLUS SCHOOL,0,5,2009-2010,94.5,384,37,36,96.8,94.3
8230,CROSSAN ACADEMICS PLUS SCHOOL,0,5,2010-2011,94.3,375,20,34,95.9,94.2
8230,CROSSAN ACADEMICS PLUS SCHOOL,0,5,2011-2012,96.3,386,7,20,93.1,93.6
8230,CROSSAN ACADEMICS PLUS SCHOOL,0,5,2012-2013,96.9,363,93,31,,
8240,HAMILTON DISSTON SCHOOL,0,8,2008-2009,90.6,832,142,128,94.3,94.3
8240,HAMILTON DISSTON SCHOOL,0,8,2009-2010,91.8,826,118,107,91.8,94.3
8240,HAMILTON DISSTON SCHOOL,0,8,2010-2011,91.5,826,135,127,95.6,94.2
8240,HAMILTON DISSTON SCHOOL,0,8,2011-2012,94.2,841,21,40,89.8,93.6
8240,HAMILTON DISSTON SCHOOL,0,8,2012-2013,94.6,885,142,42,,
8250,EDWIN FORREST SCHOOL,0,6,2008-2009,92.5,1050,134,145,95.6,94.3
8250,EDWIN FORREST SCHOOL,0,6,2009-2010,93.9,1115,90,110,94.7,94.3
8250,EDWIN FORREST SCHOOL,0,6,2010-2011,93.4,1128,124,123,93.9,94.2
8250,EDWIN FORREST SCHOOL,0,6,2011-2012,95.6,1145,27,26,92,93.6
8250,EDWIN FORREST SCHOOL,0,6,2012-2013,96.1,1083,205,41,,
8260,FOX CHASE ACADEMICS PLUS SCHL,0,5,2008-2009,93.3,327,21,28,95.7,94.3
8260,FOX CHASE ACADEMICS PLUS SCHL,0,5,2009-2010,93.9,372,36,27,96.6,94.3
8260,FOX CHASE ACADEMICS PLUS SCHL,0,5,2010-2011,94.1,414,34,31,92.5,94.2
8260,FOX CHASE ACADEMICS PLUS SCHL,0,5,2011-2012,96.7,407,9,6,91.3,93.6
8260,FOX CHASE ACADEMICS PLUS SCHL,0,5,2012-2013,96.3,458,102,12,,
8270,THOMAS HOLME SCHOOL,0,6,2008-2009,91.7,462,46,62,89.7,94.3
8270,THOMAS HOLME SCHOOL,0,6,2009-2010,92.5,460,46,95,92.2,94.3
8270,THOMAS HOLME SCHOOL,0,6,2010-2011,92.6,417,71,64,90.2,94.2
8270,THOMAS HOLME SCHOOL,0,6,2011-2012,93.8,429,21,11,88.8,93.6
8270,THOMAS HOLME SCHOOL,0,6,2012-2013,95.4,504,106,15,,
8300,MAYFAIR SCHOOL,0,8,2008-2009,92.9,913,81,62,94.4,94.3
8300,MAYFAIR SCHOOL,0,8,2009-2010,94.4,921,70,71,97.1,94.3
8300,MAYFAIR SCHOOL,0,8,2010-2011,94.1,991,96,82,97.2,94.2
8300,MAYFAIR SCHOOL,0,8,2011-2012,96,1044,15,13,94.9,93.6
8300,MAYFAIR SCHOOL,0,8,2012-2013,95.9,1091,179,36,,
8310,J. HAMPTON MOORE SCHOOL,0,5,2008-2009,93.6,1099,114,105,93.2,94.3
8310,J. HAMPTON MOORE SCHOOL,0,5,2009-2010,94.4,1121,96,97,91,94.3
8310,J. HAMPTON MOORE SCHOOL,0,5,2010-2011,94.3,1116,120,113,94,94.2
8310,J. HAMPTON MOORE SCHOOL,0,5,2011-2012,96.6,1146,34,24,93.7,93.6
8310,J. HAMPTON MOORE SCHOOL,0,5,2012-2013,97,1189,277,37,,
8320,GEN HARRY LABRUM MIDDLE SCHOOL,6,8,2008-2009,90.8,242,22,23,92.2,94.3
8320,GEN HARRY LABRUM MIDDLE SCHOOL,6,8,2009-2010,93,188,5,12,92.7,94.3
8320,GEN HARRY LABRUM MIDDLE SCHOOL,6,8,2010-2011,92.5,165,20,21,93.3,94.2
8320,GEN HARRY LABRUM MIDDLE SCHOOL,6,8,2011-2012,94.9,191,6,4,91,93.6
8320,GEN HARRY LABRUM MIDDLE SCHOOL,6,8,2012-2013,94.8,198,2,3,,
8340,SOLIS-COHEN ACADEMICS PLUS SCH,0,6,2008-2009,92.6,1117,120,108,93.5,94.3
8340,SOLIS-COHEN ACADEMICS PLUS SCH,0,6,2009-2010,93.4,1157,95,107,96,94.3
8340,SOLIS-COHEN ACADEMICS PLUS SCH,0,6,2010-2011,93.6,1130,151,84,95.5,94.2
8340,SOLIS-COHEN ACADEMICS PLUS SCH,0,6,2011-2012,95.2,1220,36,46,95.5,93.6
8340,SOLIS-COHEN ACADEMICS PLUS SCH,0,6,2012-2013,96.1,1284,248,38,,
8350,GILBERT SPRUANCE SCHOOL,0,8,2008-2009,93.4,1318,126,157,94.1,94.3
8350,GILBERT SPRUANCE SCHOOL,0,8,2009-2010,93.6,1299,127,109,93.2,94.3
8350,GILBERT SPRUANCE SCHOOL,0,8,2010-2011,93.6,1320,168,167,95.1,94.2
8350,GILBERT SPRUANCE SCHOOL,0,8,2011-2012,95.9,1304,33,30,94.5,93.6
8350,GILBERT SPRUANCE SCHOOL,0,8,2012-2013,96.4,1345,209,43,,
8360,RHAWNHURST SCHOOL,0,5,2008-2009,93.8,478,50,50,95.5,94.3
8360,RHAWNHURST SCHOOL,0,5,2009-2010,94.2,516,31,41,96.1,94.3
8360,RHAWNHURST SCHOOL,0,5,2010-2011,94.8,524,38,45,95.9,94.2
8360,RHAWNHURST SCHOOL,0,5,2011-2012,97.1,536,17,24,95.1,93.6
8360,RHAWNHURST SCHOOL,0,5,2012-2013,97.5,571,128,30,,
8370,WATSON COMLY SCHOOL,0,5,2008-2009,94.2,392,32,21,95.9,94.3
8370,WATSON COMLY SCHOOL,0,5,2009-2010,94.4,409,34,29,96,94.3
8370,WATSON COMLY SCHOOL,0,5,2010-2011,94.1,449,38,23,96.2,94.2
8370,WATSON COMLY SCHOOL,0,5,2011-2012,96.2,465,5,5,94.8,93.6
8370,WATSON COMLY SCHOOL,0,5,2012-2013,96.1,510,113,13,,
8380,LOUIS H. FARRELL SCHOOL,0,8,2008-2009,93.8,830,70,46,93.1,94.3
8380,LOUIS H. FARRELL SCHOOL,0,8,2009-2010,94,882,60,41,93.2,94.3
8380,LOUIS H. FARRELL SCHOOL,0,8,2010-2011,93.6,916,102,80,95.4,94.2
8380,LOUIS H. FARRELL SCHOOL,0,8,2011-2012,95.5,951,33,27,96.2,93.6
8380,LOUIS H. FARRELL SCHOOL,0,8,2012-2013,96.8,991,146,18,,
8390,A. L. FITZPATRICK SCHOOL,0,8,2008-2009,92.5,737,66,59,92.5,94.3
8390,A. L. FITZPATRICK SCHOOL,0,8,2009-2010,93.3,793,40,56,93.6,94.3
8390,A. L. FITZPATRICK SCHOOL,0,8,2010-2011,92.4,802,88,77,93.5,94.2
8390,A. L. FITZPATRICK SCHOOL,0,8,2011-2012,95.6,822,23,12,92.8,93.6
8390,A. L. FITZPATRICK SCHOOL,0,8,2012-2013,94.8,864,150,31,,
8400,ANNE FRANK SCHOOL,0,5,2008-2009,95.1,960,96,104,93.9,94.3
8400,ANNE FRANK SCHOOL,0,5,2009-2010,95.5,974,73,71,92.5,94.3
8400,ANNE FRANK SCHOOL,0,5,2010-2011,94.6,986,103,115,91.9,94.2
8400,ANNE FRANK SCHOOL,0,5,2011-2012,96.8,1003,20,26,92.8,93.6
8400,ANNE FRANK SCHOOL,0,5,2012-2013,97.2,1049,235,43,,
8410,ROBERT B. POLLOCK SCHOOL,0,6,2008-2009,94.5,658,48,58,95.4,94.3
8410,ROBERT B. POLLOCK SCHOOL,0,6,2009-2010,94.3,700,56,48,91.3,94.3
8410,ROBERT B. POLLOCK SCHOOL,0,6,2010-2011,94.3,738,66,70,96.4,94.2
8410,ROBERT B. POLLOCK SCHOOL,0,6,2011-2012,96.2,739,25,22,95.4,93.6
8410,ROBERT B. POLLOCK SCHOOL,0,6,2012-2013,96.4,762,156,14,,
8420,STEPHEN DECATUR SCHOOL,0,8,2008-2009,93.6,791,50,47,95.4,94.3
8420,STEPHEN DECATUR SCHOOL,0,8,2009-2010,93.9,854,59,47,95.5,94.3
8420,STEPHEN DECATUR SCHOOL,0,8,2010-2011,93.4,901,74,85,94.4,94.2
8420,STEPHEN DECATUR SCHOOL,0,8,2011-2012,96,977,9,19,91.1,93.6
8420,STEPHEN DECATUR SCHOOL,0,8,2012-2013,95.9,1014,141,12,,
8430,JOSEPH GREENBERG SCHOOL,0,8,2008-2009,96.1,674,25,19,94.8,94.3
8430,JOSEPH GREENBERG SCHOOL,0,8,2009-2010,96,686,40,34,96.4,94.3
8430,JOSEPH GREENBERG SCHOOL,0,8,2010-2011,96.4,666,42,39,96.3,94.2
8430,JOSEPH GREENBERG SCHOOL,0,8,2011-2012,97.4,683,22,7,96.6,93.6
8430,JOSEPH GREENBERG SCHOOL,0,8,2012-2013,97.6,714,111,5,,
8440,WILLIAM H. LOESCHE SCHOOL,0,5,2008-2009,93.5,757,79,59,93.8,94.3
8440,WILLIAM H. LOESCHE SCHOOL,0,5,2009-2010,94,749,78,30,91.6,94.3
8440,WILLIAM H. LOESCHE SCHOOL,0,5,2010-2011,93.8,762,88,85,95,94.2
8440,WILLIAM H. LOESCHE SCHOOL,0,5,2011-2012,95.6,767,40,21,93,93.6
8440,WILLIAM H. LOESCHE SCHOOL,0,5,2012-2013,95.4,807,167,20,,
